http://47.54.238.82:6006	{"data": {"projects": {"edges": [{"node": {"id": "UHJvamVjdDox", "name": "default", "recordCount": 734, "traceCount": 18, "tokenCountTotal": 0.0, "tokenCountPrompt": 0.0, "tokenCountCompletion": 0.0, "endTime": "2026-05-10T05:26:00+00:00"}}]}}}
http://137.184.97.71:6006	{"data": {"projects": {"edges": [{"node": {"id": "UHJvamVjdDox", "name": "default", "recordCount": 1252, "traceCount": 164, "tokenCountTotal": 527939.0, "tokenCountPrompt": 324224.0, "tokenCountCompletion": 203715.0, "endTime": "2026-05-07T18:28:00+00:00"}}]}}}
http://163.172.146.88:6006	{"data": {"projects": {"edges": [{"node": {"id": "UHJvamVjdDox", "name": "default", "recordCount": 0, "traceCount": 0, "tokenCountTotal": 0.0, "tokenCountPrompt": 0.0, "tokenCountCompletion": 0.0, "endTime": null}}]}}}
http://163.172.155.120:6006	{"data": {"projects": {"edges": [{"node": {"id": "UHJvamVjdDox", "name": "default", "recordCount": 0, "traceCount": 0, "tokenCountTotal": 0.0, "tokenCountPrompt": 0.0, "tokenCountCompletion": 0.0, "endTime": null}}]}}}
http://51.15.193.172:6006	{"data": {"projects": {"edges": [{"node": {"id": "UHJvamVjdDox", "name": "default", "recordCount": 0, "traceCount": 0, "tokenCountTotal": 0.0, "tokenCountPrompt": 0.0, "tokenCountCompletion": 0.0, "endTime": null}}]}}}
http://163.172.151.174:6006	{"data": {"projects": {"edges": [{"node": {"id": "UHJvamVjdDox", "name": "default", "recordCount": 0, "traceCount": 0, "tokenCountTotal": 0.0, "tokenCountPrompt": 0.0, "tokenCountCompletion": 0.0, "endTime": null}}]}}}
http://212.47.234.216:6006	{"data": {"projects": {"edges": [{"node": {"id": "UHJvamVjdDox", "name": "default", "recordCount": 0, "traceCount": 0, "tokenCountTotal": 0.0, "tokenCountPrompt": 0.0, "tokenCountCompletion": 0.0, "endTime": null}}]}}}
http://51.158.119.227:6007	{"data": {"projects": {"edges": [{"node": {"id": "UHJvamVjdDox", "name": "default", "recordCount": 0, "traceCount": 0, "tokenCountTotal": 0.0, "tokenCountPrompt": 0.0, "tokenCountCompletion": 0.0, "endTime": null}}]}}}
http://163.172.176.76:6007	{"data": {"projects": {"edges": [{"node": {"id": "UHJvamVjdDox", "name": "default", "recordCount": 0, "traceCount": 0, "tokenCountTotal": 0.0, "tokenCountPrompt": 0.0, "tokenCountCompletion": 0.0, "endTime": null}}]}}}
http://51.15.207.110:6007	{"data": {"projects": {"edges": [{"node": {"id": "UHJvamVjdDox", "name": "default", "recordCount": 0, "traceCount": 0, "tokenCountTotal": 0.0, "tokenCountPrompt": 0.0, "tokenCountCompletion": 0.0, "endTime": null}}]}}}
http://82.165.40.85:6006	{"data": {"projects": {"edges": [{"node": {"id": "UHJvamVjdDox", "name": "default", "recordCount": 0, "traceCount": 0, "tokenCountTotal": 0.0, "tokenCountPrompt": 0.0, "tokenCountCompletion": 0.0, "endTime": null}}]}}}
http://52.118.206.194:6006	{"data": {"projects": {"edges": [{"node": {"id": "UHJvamVjdDox", "name": "default", "recordCount": 0, "traceCount": 0, "tokenCountTotal": 0.0, "tokenCountPrompt": 0.0, "tokenCountCompletion": 0.0, "endTime": null}}]}}}
http://116.203.226.151:6006	{"data": {"projects": {"edges": [{"node": {"id": "UHJvamVjdDox", "name": "default", "recordCount": 1623, "traceCount": 442, "tokenCountTotal": 4276181.0, "tokenCountPrompt": 4205399.0, "tokenCountCompletion": 70782.0, "endTime": "2026-04-20T21:53:00+00:00"}}]}}}
http://162.55.27.55:6006	{"data": {"projects": {"edges": [{"node": {"id": "UHJvamVjdDox", "name": "default", "recordCount": 0, "traceCount": 0, "tokenCountTotal": 0.0, "tokenCountPrompt": 0.0, "tokenCountCompletion": 0.0, "endTime": null}}, {"node": {"id": "UHJvamVjdDoy", "name": "ai_agent_v1", "recordCount": 149, "traceCount": 71, "tokenCountTotal": 904521.0, "tokenCountPrompt": 877350.0, "tokenCountCompletion": 27171.0, "endTime": "2026-05-07T13:51:00+00:00"}}, {"node": {"id": "UHJvamVjdDoz", "name": "dialog-agent-stage", "recordCount": 234, "traceCount": 36, "tokenCountTotal": 5994.0, "tokenCountPrompt": 2713.0, "tokenCountCompletion": 3281.0, "endTime": "2026-05-03T14:56:00+00:00"}}, {"node": {"id": "UHJvamVjdDo0", "name": "dialog-agent-stage-smoke", "recordCount": 1, "traceCount": 1, "tokenCountTotal": 0.0, "tokenCountPrompt": 0.0, "tokenCountCompletion": 0.0, "endTime": "2026-04-24T16:09:00+00:00"}}]}}}
http://51.210.96.131:6006	{"data": {"projects": {"edges": [{"node": {"id": "UHJvamVjdDox", "name": "default", "recordCount": 0, "traceCount": 0, "tokenCountTotal": 0.0, "tokenCountPrompt": 0.0, "tokenCountCompletion": 0.0, "endTime": null}}]}}}
http://51.159.138.130:6006	{"data": {"projects": {"edges": [{"node": {"id": "UHJvamVjdDox", "name": "default", "recordCount": 0, "traceCount": 0, "tokenCountTotal": 0.0, "tokenCountPrompt": 0.0, "tokenCountCompletion": 0.0, "endTime": null}}, {"node": {"id": "UHJvamVjdDoy", "name": "made-doc-analysis-llm-app", "recordCount": 146, "traceCount": 146, "tokenCountTotal": 301504.0, "tokenCountPrompt": 233562.0, "tokenCountCompletion": 67942.0, "endTime": "2026-01-19T14:22:00+00:00"}}]}}}
http://34.10.224.114:6006	{"data": {"projects": {"edges": [{"node": {"id": "UHJvamVjdDox", "name": "default", "recordCount": 0, "traceCount": 0, "tokenCountTotal": 0.0, "tokenCountPrompt": 0.0, "tokenCountCompletion": 0.0, "endTime": null}}]}}}
http://194.68.59.139:6006	{"data": {"projects": {"edges": [{"node": {"id": "UHJvamVjdDox", "name": "default", "recordCount": 0, "traceCount": 0, "tokenCountTotal": 0.0, "tokenCountPrompt": 0.0, "tokenCountCompletion": 0.0, "endTime": null}}]}}}
http://101.37.104.193:8006	{"data": {"projects": {"edges": [{"node": {"id": "UHJvamVjdDox", "name": "default", "recordCount": 0, "traceCount": 0, "tokenCountTotal": 0.0, "tokenCountPrompt": 0.0, "tokenCountCompletion": 0.0, "endTime": null}}, {"node": {"id": "UHJvamVjdDoy", "name": "playground", "recordCount": 13, "traceCount": 13, "tokenCountTotal": 4233.0, "tokenCountPrompt": 1074.0, "tokenCountCompletion": 3159.0, "endTime": "2025-09-12T01:06:00+00:00"}}]}}}
http://134.209.10.163:6006	{"data": {"projects": {"edges": [{"node": {"id": "UHJvamVjdDox", "name": "default", "recordCount": 6503, "traceCount": 311, "tokenCountTotal": 2076356.0, "tokenCountPrompt": 1956138.0, "tokenCountCompletion": 120218.0, "endTime": "2025-08-24T05:38:00+00:00"}}]}}}
http://74.241.249.68:6006	{"data": {"projects": {"edges": [{"node": {"id": "UHJvamVjdDox", "name": "default", "recordCount": 57379, "traceCount": 4280, "tokenCountTotal": 32268739, "tokenCountPrompt": 31141657, "tokenCountCompletion": 1127082, "endTime": "2026-05-09T18:17:00+00:00"}}]}}}
http://172.199.106.92:80	{"data": {"projects": {"edges": [{"node": {"id": "UHJvamVjdDox", "name": "default", "recordCount": 17, "traceCount": 17, "tokenCountTotal": 9111.0, "tokenCountPrompt": 6830.0, "tokenCountCompletion": 2281.0, "endTime": "2026-03-31T10:39:00+00:00"}}]}}}
http://78.46.88.7:80	{"data": {"projects": {"edges": [{"node": {"id": "UHJvamVjdDox", "name": "default", "recordCount": 17, "traceCount": 17, "tokenCountTotal": 9111.0, "tokenCountPrompt": 6830.0, "tokenCountCompletion": 2281.0, "endTime": "2026-03-31T10:39:00+00:00"}}]}}}
http://35.200.110.168:6006	{"data": {"projects": {"edges": [{"node": {"id": "UHJvamVjdDox", "name": "default", "recordCount": 0, "traceCount": 0, "tokenCountTotal": 0, "tokenCountPrompt": 0, "tokenCountCompletion": 0, "endTime": null}}]}}}
http://34.57.254.129:6006	{"data": {"projects": {"edges": [{"node": {"id": "UHJvamVjdDox", "name": "default", "recordCount": 0, "traceCount": 0, "tokenCountTotal": 0.0, "tokenCountPrompt": 0.0, "tokenCountCompletion": 0.0, "endTime": null}}, {"node": {"id": "UHJvamVjdDoy", "name": "attmt_BigQuery_chatbot", "recordCount": 349, "traceCount": 33, "tokenCountTotal": 0.0, "tokenCountPrompt": 0.0, "tokenCountCompletion": 0.0, "endTime": "2026-05-08T11:45:00+00:00"}}, {"node": {"id": "UHJvamVjdDoz", "name": "attmt_Rag_Agent", "recordCount": 16, "traceCount": 1, "tokenCountTotal": 8825.0, "tokenCountPrompt": 8080.0, "tokenCountCompletion": 745.0, "endTime": "2026-04-09T07:50:00+00:00"}}]}}}
http://62.210.193.211:6006	{"data": {"projects": {"edges": [{"node": {"id": "UHJvamVjdDox", "name": "default", "recordCount": 0, "traceCount": 0, "tokenCountTotal": 0.0, "tokenCountPrompt": 0.0, "tokenCountCompletion": 0.0, "endTime": null}}, {"node": {"id": "UHJvamVjdDoy", "name": "lexbase-llm-api", "recordCount": 1001, "traceCount": 443, "tokenCountTotal": 0.0, "tokenCountPrompt": 0.0, "tokenCountCompletion": 0.0, "endTime": "2026-03-10T16:01:00+00:00"}}]}}}
http://137.184.170.26:6006	{"data": {"projects": {"edges": [{"node": {"id": "UHJvamVjdDox", "name": "default", "recordCount": 0, "traceCount": 0, "tokenCountTotal": 0, "tokenCountPrompt": 0, "tokenCountCompletion": 0, "endTime": null}}, {"node": {"id": "UHJvamVjdDoy", "name": "DEV-PLANT-vss-agent-3.1.0", "recordCount": 124, "traceCount": 6, "tokenCountTotal": 374227, "tokenCountPrompt": 324481, "tokenCountCompletion": 49746, "endTime": "2026-04-13T08:22:00+00:00"}}]}}}
http://3.6.143.1:80	{"data": {"projects": {"edges": [{"node": {"id": "UHJvamVjdDox", "name": "default", "recordCount": 1331, "traceCount": 73, "tokenCountTotal": 82874, "tokenCountPrompt": 31836, "tokenCountCompletion": 51038, "endTime": "2025-07-18T05:48:00+00:00"}}, {"node": {"id": "UHJvamVjdDoy", "name": "prod_v1", "recordCount": 16023, "traceCount": 763, "tokenCountTotal": 14984671, "tokenCountPrompt": 14480789, "tokenCountCompletion": 503882, "endTime": "2025-04-18T14:08:00+00:00"}}, {"node": {"id": "UHJvamVjdDoz", "name": "test_v1", "recordCount": 48, "traceCount": 4, "tokenCountTotal": 3725, "tokenCountPrompt": 3480, "tokenCountCompletion": 245, "endTime": "2025-04-21T09:44:00+00:00"}}, {"node": {"id": "UHJvamVjdDo0", "name": "factual-search-api-tracing", "recordCount": 21, "traceCount": 21, "tokenCountTotal": 179169, "tokenCountPrompt": 178037, "tokenCountCompletion": 1132, "endTime": "2025-04-22T12:04:00+00:00"}}, {"node": {"id": "UHJvamVjdDo1", "name": "playground", "recordCount": 1, "traceCount": 1, "tokenCountTotal": 344, "tokenCountPrompt": 315, "tokenCountCompletion": 29, "endTime": "2025-04-22T09:48:00+00:00"}}, {"node": {"id": "UHJvamVjdDo2", "name": "pnid-agent", "recordCount": 187, "traceCount": 1, "tokenCountTotal": 95832, "tokenCountPrompt": 35082, "tokenCountCompletion": 60750, "endTime": "2025-05-27T06:23:00+00:00"}}, {"node": {"id": "UHJvamVjdDo3", "name": "pnid-agent-2", "recordCount": 886, "traceCount": 18, "tokenCountTotal": 362519, "tokenCountPrompt": 203237, "tokenCountCompletion": 159282, "endTime": "2025-05-28T06:22:00+00:00"}}, {"node": {"id": "UHJvamVjdDo4", "name": "pnid-verify", "recordCount": 40, "traceCount": 40, "tokenCountTotal": 23070, "tokenCountPrompt": 11610, "tokenCountCompletion": 11460, "endTime": "2025-06-09T10:21:00+00:00"}}, {"node": {"id": "UHJvamVjdDo5", "name": "pnid-verify-3", "recordCount": 52, "traceCount": 52, "tokenCountTotal": 91997, "tokenCountPrompt": 63232, "tokenCountCompletion": 28765, "endTime": "2025-06-13T14:31:00+00:00"}}, {"node": {"id": "UHJvamVjdDoxMA==", "name": "smol_act", "recordCount": 33, "traceCount": 33, "tokenCountTotal": 0, "tokenCountPrompt": 0, "tokenCountCompletion": 0, "endTime": "2025-07-16T11:14:00+00:00"}}]}}}
https://138.201.89.199:443	{"data": {"projects": {"edges": [{"node": {"id": "UHJvamVjdDox", "name": "default", "recordCount": 0, "traceCount": 0, "tokenCountTotal": 0.0, "tokenCountPrompt": 0.0, "tokenCountCompletion": 0.0, "endTime": null}}, {"node": {"id": "UHJvamVjdDoy", "name": "agent-os", "recordCount": 788, "traceCount": 788, "tokenCountTotal": 0.0, "tokenCountPrompt": 0.0, "tokenCountCompletion": 0.0, "endTime": "2026-05-10T05:01:00+00:00"}}]}}}
http://34.201.206.44:80	{"data": {"projects": {"edges": [{"node": {"id": "UHJvamVjdDox", "name": "default", "recordCount": 0, "traceCount": 0, "tokenCountTotal": 0.0, "tokenCountPrompt": 0.0, "tokenCountCompletion": 0.0, "endTime": null}}]}}}
http://191.233.5.74:6006	{"data": {"projects": {"edges": [{"node": {"id": "UHJvamVjdDox", "name": "default", "recordCount": 7659, "traceCount": 3150, "tokenCountTotal": 0.0, "tokenCountPrompt": 0.0, "tokenCountCompletion": 0.0, "endTime": "2026-04-30T01:22:00+00:00"}}, {"node": {"id": "UHJvamVjdDoy", "name": "graphrag-api", "recordCount": 179, "traceCount": 22, "tokenCountTotal": 1418744.0, "tokenCountPrompt": 1405299.0, "tokenCountCompletion": 13445.0, "endTime": "2026-05-08T12:24:00+00:00"}}]}}}
http://20.242.190.155:6006	{"data": {"projects": {"edges": [{"node": {"id": "UHJvamVjdDox", "name": "default", "recordCount": 0, "traceCount": 0, "tokenCountTotal": 0.0, "tokenCountPrompt": 0.0, "tokenCountCompletion": 0.0, "endTime": null}}]}}}
http://100.55.164.90:80	{"data": {"projects": {"edges": [{"node": {"id": "UHJvamVjdDox", "name": "default", "recordCount": 0, "traceCount": 0, "tokenCountTotal": 0.0, "tokenCountPrompt": 0.0, "tokenCountCompletion": 0.0, "endTime": null}}, {"node": {"id": "UHJvamVjdDoy", "name": "my-llm-app", "recordCount": 7152, "traceCount": 907, "tokenCountTotal": 22970140.0, "tokenCountPrompt": 21574195.0, "tokenCountCompletion": 1395945.0, "endTime": "2026-05-07T12:07:00+00:00"}}]}}}
http://159.146.89.226:9006	{"data": {"projects": {"edges": [{"node": {"id": "UHJvamVjdDox", "name": "default", "recordCount": 5, "traceCount": 5, "tokenCountTotal": 1187.0, "tokenCountPrompt": 986.0, "tokenCountCompletion": 201.0, "endTime": "2026-04-15T16:13:00+00:00"}}, {"node": {"id": "UHJvamVjdDoz", "name": "Lend", "recordCount": 8, "traceCount": 6, "tokenCountTotal": 944.0, "tokenCountPrompt": 797.0, "tokenCountCompletion": 147.0, "endTime": "2026-04-15T16:31:00+00:00"}}, {"node": {"id": "UHJvamVjdDo0", "name": "Lendistry", "recordCount": 4, "traceCount": 2, "tokenCountTotal": 113.0, "tokenCountPrompt": 81.0, "tokenCountCompletion": 32.0, "endTime": "2026-04-15T16:27:00+00:00"}}]}}}
http://20.216.36.219:6006	{"data": {"projects": {"edges": [{"node": {"id": "UHJvamVjdDox", "name": "default", "recordCount": 0, "traceCount": 0, "tokenCountTotal": 0.0, "tokenCountPrompt": 0.0, "tokenCountCompletion": 0.0, "endTime": null}}, {"node": {"id": "UHJvamVjdDoy", "name": "protocol-dubai-callcenter", "recordCount": 245, "traceCount": 8, "tokenCountTotal": 28168.0, "tokenCountPrompt": 27733.0, "tokenCountCompletion": 435.0, "endTime": "2026-04-09T12:36:00+00:00"}}]}}}
http://132.220.93.185:6006	{"data": {"projects": {"edges": [{"node": {"id": "UHJvamVjdDox", "name": "default", "recordCount": 0, "traceCount": 0, "tokenCountTotal": 0, "tokenCountPrompt": 0, "tokenCountCompletion": 0, "endTime": null}}]}}}
http://20.246.209.116:6006	{"data": {"projects": {"edges": [{"node": {"id": "UHJvamVjdDox", "name": "default", "recordCount": 0, "traceCount": 0, "tokenCountTotal": 0, "tokenCountPrompt": 0, "tokenCountCompletion": 0, "endTime": null}}]}}}
http://35.200.159.150:80	{"data": {"projects": {"edges": [{"node": {"id": "UHJvamVjdDox", "name": "default", "recordCount": 0, "traceCount": 0, "tokenCountTotal": 0.0, "tokenCountPrompt": 0.0, "tokenCountCompletion": 0.0, "endTime": null}}]}}}
http://143.110.176.29:6006	{"data": {"projects": {"edges": [{"node": {"id": "UHJvamVjdDox", "name": "default", "recordCount": 0, "traceCount": 0, "tokenCountTotal": 0.0, "tokenCountPrompt": 0.0, "tokenCountCompletion": 0.0, "endTime": null}}]}}}
http://76.249.136.40:6006	{"data": {"projects": {"edges": [{"node": {"id": "UHJvamVjdDox", "name": "default", "recordCount": 0, "traceCount": 0, "tokenCountTotal": 0, "tokenCountPrompt": 0, "tokenCountCompletion": 0, "endTime": null}}, {"node": {"id": "UHJvamVjdDoy", "name": "Hapi-AI", "recordCount": 2730, "traceCount": 193, "tokenCountTotal": 5595670, "tokenCountPrompt": 5314295, "tokenCountCompletion": 281375, "endTime": "2026-02-13T15:54:00+00:00"}}]}}}
http://172.178.38.117:6006	{"data": {"projects": {"edges": [{"node": {"id": "UHJvamVjdDox", "name": "default", "recordCount": 0, "traceCount": 0, "tokenCountTotal": 0, "tokenCountPrompt": 0, "tokenCountCompletion": 0, "endTime": null}}, {"node": {"id": "UHJvamVjdDoy", "name": "rogers-netops-ai-bot-project", "recordCount": 25281, "traceCount": 8738, "tokenCountTotal": 2675150, "tokenCountPrompt": 2484682, "tokenCountCompletion": 190468, "endTime": "2026-05-08T17:26:00+00:00"}}, {"node": {"id": "UHJvamVjdDoz", "name": "inference-A100-single", "recordCount": 218, "traceCount": 22, "tokenCountTotal": 66224, "tokenCountPrompt": 59891, "tokenCountCompletion": 6333, "endTime": "2025-03-16T17:28:00+00:00"}}, {"node": {"id": "UHJvamVjdDo0", "name": "inference-A100-parallel-workers-4", "recordCount": 251, "traceCount": 10, "tokenCountTotal": 78278, "tokenCountPrompt": 72992, "tokenCountCompletion": 5286, "endTime": "2025-03-16T17:55:00+00:00"}}, {"node": {"id": "UHJvamVjdDo1", "name": "inference-A100-parallel-workers-16", "recordCount": 283, "traceCount": 10, "tokenCountTotal": 90721, "tokenCountPrompt": 84099, "tokenCountCompletion": 6622, "endTime": "2025-03-16T18:05:00+00:00"}}, {"node": {"id": "UHJvamVjdDo2", "name": "inference-A100-model-replicas-4", "recordCount": 192, "traceCount": 9, "tokenCountTotal": 53912, "tokenCountPrompt": 50205, "tokenCountCompletion": 3707, "endTime": "2025-03-16T18:20:00+00:00"}}, {"node": {"id": "UHJvamVjdDo3", "name": "inference-A100-parallel-workers-8", "recordCount": 304, "traceCount": 35, "tokenCountTotal": 80849, "tokenCountPrompt": 74443, "tokenCountCompletion": 6406, "endTime": "2025-03-24T01:17:00+00:00"}}]}}}
http://180.93.1.111:6006	{"data": {"projects": {"edges": [{"node": {"id": "UHJvamVjdDox", "name": "default", "recordCount": 39, "traceCount": 9, "tokenCountTotal": 17972.0, "tokenCountPrompt": 17439.0, "tokenCountCompletion": 533.0, "endTime": "2026-05-04T18:28:00+00:00"}}]}}}
http://101.200.35.242:6006	{"data": {"projects": {"edges": [{"node": {"id": "UHJvamVjdDox", "name": "default", "recordCount": 4692, "traceCount": 147, "tokenCountTotal": 1100421.0, "tokenCountPrompt": 968603.0, "tokenCountCompletion": 131818.0, "endTime": "2026-03-23T14:09:00+00:00"}}]}}}
http://123.30.233.101:6006	{"data": {"projects": {"edges": [{"node": {"id": "UHJvamVjdDox", "name": "default", "recordCount": 5915, "traceCount": 1340, "tokenCountTotal": 445152.0, "tokenCountPrompt": 414235.0, "tokenCountCompletion": 30917.0, "endTime": "2026-05-09T04:36:00+00:00"}}]}}}
http://34.160.207.173:80	{"data": {"projects": {"edges": [{"node": {"id": "UHJvamVjdDox", "name": "default", "recordCount": 47696, "traceCount": 47608, "tokenCountTotal": 321.0, "tokenCountPrompt": 71.0, "tokenCountCompletion": 250.0, "endTime": "2026-01-12T11:09:00+00:00"}}]}}}
http://167.86.90.102:6006	{"data": {"projects": {"edges": [{"node": {"id": "UHJvamVjdDox", "name": "default", "recordCount": 0, "traceCount": 0, "tokenCountTotal": 0.0, "tokenCountPrompt": 0.0, "tokenCountCompletion": 0.0, "endTime": null}}]}}}
http://202.157.189.61:6006	{"data": {"projects": {"edges": [{"node": {"id": "UHJvamVjdDox", "name": "default", "recordCount": 0, "traceCount": 0, "tokenCountTotal": 0.0, "tokenCountPrompt": 0.0, "tokenCountCompletion": 0.0, "endTime": null}}, {"node": {"id": "UHJvamVjdDoy", "name": "Jpayroll-AI", "recordCount": 409, "traceCount": 343, "tokenCountTotal": 47464.0, "tokenCountPrompt": 45686.0, "tokenCountCompletion": 1778.0, "endTime": "2026-04-28T07:21:00+00:00"}}]}}}
http://148.251.184.231:6006	{"data": {"projects": {"edges": [{"node": {"id": "UHJvamVjdDox", "name": "default", "recordCount": 9489, "traceCount": 9483, "tokenCountTotal": 0.0, "tokenCountPrompt": 0.0, "tokenCountCompletion": 0.0, "endTime": "2026-04-05T06:57:00+00:00"}}]}}}
http://173.208.247.17:6006	{"data": {"projects": {"edges": [{"node": {"id": "UHJvamVjdDox", "name": "default", "recordCount": 0, "traceCount": 0, "tokenCountTotal": 0.0, "tokenCountPrompt": 0.0, "tokenCountCompletion": 0.0, "endTime": null}}, {"node": {"id": "UHJvamVjdDoy", "name": "stt-dr-assistant", "recordCount": 18, "traceCount": 8, "tokenCountTotal": 7158.0, "tokenCountPrompt": 5163.0, "tokenCountCompletion": 1995.0, "endTime": "2026-05-07T09:25:00+00:00"}}]}}}
http://172.214.59.229:6006	{"data": {"projects": {"edges": [{"node": {"id": "UHJvamVjdDox", "name": "default", "recordCount": 84, "traceCount": 84, "tokenCountTotal": 0.0, "tokenCountPrompt": 0.0, "tokenCountCompletion": 0.0, "endTime": "2025-12-07T05:13:00+00:00"}}, {"node": {"id": "UHJvamVjdDoy", "name": "agentic-nlq-api", "recordCount": 79450, "traceCount": 94, "tokenCountTotal": 672279.0, "tokenCountPrompt": 581686.0, "tokenCountCompletion": 90593.0, "endTime": "2026-02-19T18:19:00+00:00"}}]}}}
https://184.34.140.43:443	{ "httpStatus": 400, "service": "content-lb-mallcop", "message": "No listener rule found"}
https://78.46.88.7:443	{"data": {"projects": {"edges": [{"node": {"id": "UHJvamVjdDox", "name": "default", "recordCount": 17, "traceCount": 17, "tokenCountTotal": 9111.0, "tokenCountPrompt": 6830.0, "tokenCountCompletion": 2281.0, "endTime": "2026-03-31T10:39:00+00:00"}}]}}}
http://185.216.21.164:6006	{"data": {"projects": {"edges": [{"node": {"id": "UHJvamVjdDox", "name": "default", "recordCount": 46, "traceCount": 16, "tokenCountTotal": 0.0, "tokenCountPrompt": 0.0, "tokenCountCompletion": 0.0, "endTime": "2026-04-16T00:22:00+00:00"}}, {"node": {"id": "UHJvamVjdDoy", "name": "gaia_ultrafast_agent", "recordCount": 102, "traceCount": 15, "tokenCountTotal": 0.0, "tokenCountPrompt": 0.0, "tokenCountCompletion": 0.0, "endTime": "2026-04-09T18:05:00+00:00"}}, {"node": {"id": "UHJvamVjdDoz", "name": "gaia_single_agent", "recordCount": 35, "traceCount": 5, "tokenCountTotal": 0.0, "tokenCountPrompt": 0.0, "tokenCountCompletion": 0.0, "endTime": "2026-04-09T08:26:00+00:00"}}, {"node": {"id": "UHJvamVjdDo0", "name": "gaia_multi_agent", "recordCount": 13, "traceCount": 1, "tokenCountTotal": 0.0, "tokenCountPrompt": 0.0, "tokenCountCompletion": 0.0, "endTime": "2026-04-09T08:13:00+00:00"}}, {"node": {"id": "UHJvamVjdDo1", "name": "gaia_ultrafast_ollama", "recordCount": 3, "traceCount": 3, "tokenCountTotal": 0.0, "tokenCountPrompt": 0.0, "tokenCountCompletion": 0.0, "endTime": "2026-04-09T08:21:00+00:00"}}, {"node": {"id": "UHJvamVjdDo2", "name": "pinchbench", "recordCount": 40, "traceCount": 20, "tokenCountTotal": 23847.0, "tokenCountPrompt": 23822.0, "tokenCountCompletion": 25.0, "endTime": "2026-04-16T04:14:00+00:00"}}, {"node": {"id": "UHJvamVjdDo3", "name": "pinchbench-atif", "recordCount": 4, "traceCount": 2, "tokenCountTotal": 0.0, "tokenCountPrompt": 0.0, "tokenCountCompletion": 0.0, "endTime": "2026-04-16T01:08:00+00:00"}}, {"node": {"id": "UHJvamVjdDo4", "name": "PinchBench-Run_0", "recordCount": 2, "traceCount": 1, "tokenCountTotal": 11922.0, "tokenCountPrompt": 11911.0, "tokenCountCompletion": 11.0, "endTime": "2026-04-16T05:00:00+00:00"}}, {"node": {"id": "UHJvamVjdDo5", "name": "PinchBench-Run_1", "recordCount": 96, "traceCount": 11, "tokenCountTotal": 23934.0, "tokenCountPrompt": 23801.0, "tokenCountCompletion": 133.0, "endTime": "2026-04-17T02:20:00+00:00"}}, {"node": {"id": "UHJvamVjdDoxMA==", "name": "PinchBench-Run_Full", "recordCount": 556, "traceCount": 172, "tokenCountTotal": 1025629.0, "tokenCountPrompt": 1015846.0, "tokenCountCompletion": 9783.0, "endTime": "2026-04-16T07:55:00+00:00"}}, {"node": {"id": "UHJvamVjdDoxMQ==", "name": "PinchBench-Run_Full_Apr16", "recordCount": 972, "traceCount": 86, "tokenCountTotal": 9413963.0, "tokenCountPrompt": 9271921.0, "tokenCountCompletion": 142042.0, "endTime": "2026-04-16T21:15:00+00:00"}}, {"node": {"id": "UHJvamVjdDoxMg==", "name": "PinchBench-Run_Full_Apr16.5", "recordCount": 303, "traceCount": 43, "tokenCountTotal": 0.0, "tokenCountPrompt": 0.0, "tokenCountCompletion": 0.0, "endTime": "2026-04-17T03:08:00+00:00"}}, {"node": {"id": "UHJvamVjdDoxMw==", "name": "PinchBench-Run_Full_Apr16.6", "recordCount": 514, "traceCount": 60, "tokenCountTotal": 0.0, "tokenCountPrompt": 0.0, "tokenCountCompletion": 0.0, "endTime": "2026-04-17T03:58:00+00:00"}}, {"node": {"id": "UHJvamVjdDoxNA==", "name": "PinchBench-Run_Full_Apr16.7", "recordCount": 335, "traceCount": 43, "tokenCountTotal": 0.0, "tokenCountPrompt": 0.0, "tokenCountCompletion": 0.0, "endTime": "2026-04-17T04:27:00+00:00"}}, {"node": {"id": "UHJvamVjdDoxNQ==", "name": "PinchBench-Run_Full_Apr16.8", "recordCount": 1848, "traceCount": 165, "tokenCountTotal": 0.0, "tokenCountPrompt": 0.0, "tokenCountCompletion": 0.0, "endTime": "2026-04-17T07:23:00+00:00"}}, {"node": {"id": "UHJvamVjdDoxNg==", "name": "test-pinchbench", "recordCount": 28, "traceCount": 10, "tokenCountTotal": 0.0, "tokenCountPrompt": 0.0, "tokenCountCompletion": 0.0, "endTime": "2026-04-17T08:25:00+00:00"}}, {"node": {"id": "UHJvamVjdDoxNw==", "name": "PinchBench-Run_Full_Apr16_ClaudeOpus", "recordCount": 1971, "traceCount": 165, "tokenCountTotal": 0.0, "tokenCountPrompt": 0.0, "tokenCountCompletion": 0.0, "endTime": "2026-04-17T09:42:00+00:00"}}, {"node": {"id": "UHJvamVjdDoxOA==", "name": "PinchBench-Run_Full_Apr16_NemotronSuper", "recordCount": 3225, "traceCount": 165, "tokenCountTotal": 0.0, "tokenCountPrompt": 0.0, "tokenCountCompletion": 0.0, "endTime": "2026-04-17T10:44:00+00:00"}}, {"node": {"id": "UHJvamVjdDoxOQ==", "name": "PinchBench-Run_Full_Apr16_GptOss", "recordCount": 1057, "traceCount": 164, "tokenCountTotal": 0.0, "tokenCountPrompt": 0.0, "tokenCountCompletion": 0.0, "endTime": "2026-04-17T12:10:00+00:00"}}, {"node": {"id": "UHJvamVjdDoyMA==", "name": "token-fix-smoke", "recordCount": 4, "traceCount": 2, "tokenCountTotal": 0.0, "tokenCountPrompt": 0.0, "tokenCountCompletion": 0.0, "endTime": "2026-04-17T21:35:00+00:00"}}, {"node": {"id": "UHJvamVjdDoyMQ==", "name": "token-fix-smoke2", "recordCount": 4, "traceCount": 2, "tokenCountTotal": 0.0, "tokenCountPrompt": 0.0, "tokenCountCompletion": 0.0, "endTime": "2026-04-17T21:44:00+00:00"}}, {"node": {"id": "UHJvamVjdDoyMg==", "name": "smoke-token-count-apr17-2", "recordCount": 12, "traceCount": 6, "tokenCountTotal": 0.0, "tokenCountPrompt": 0.0, "tokenCountCompletion": 0.0, "endTime": "2026-04-17T22:14:00+00:00"}}, {"node": {"id": "UHJvamVjdDoyMw==", "name": "token-FIX-verified", "recordCount": 2, "traceCount": 1, "tokenCountTotal": 0.0, "tokenCountPrompt": 0.0, "tokenCountCompletion": 0.0, "endTime": "2026-04-17T22:17:00+00:00"}}, {"node": {"id": "UHJvamVjdDoyNA==", "name": "token-FIX-v2", "recordCount": 2, "traceCount": 1, "tokenCountTotal": 0.0, "tokenCountPrompt": 0.0, "tokenCountCompletion": 0.0, "endTime": "2026-04-17T22:18:00+00:00"}}, {"node": {"id": "UHJvamVjdDoyNQ==", "name": "token-FIX-v3", "recordCount": 2, "traceCount": 1, "tokenCountTotal": 0.0, "tokenCountPrompt": 0.0, "tokenCountCompletion": 0.0, "endTime": "2026-04-17T22:20:00+00:00"}}, {"node": {"id": "UHJvamVjdDoyNg==", "name": "token-FIX-v4", "recordCount": 2, "traceCount": 1, "tokenCountTotal": 0.0, "tokenCountPrompt": 0.0, "tokenCountCompletion": 0.0, "endTime": "2026-04-17T22:21:00+00:00"}}, {"node": {"id": "UHJvamVjdDoyNw==", "name": "token-FIX-v5", "recordCount": 2, "traceCount": 1, "tokenCountTotal": 0.0, "tokenCountPrompt": 0.0, "tokenCountCompletion": 0.0, "endTime": "2026-04-17T22:41:00+00:00"}}, {"node": {"id": "UHJvamVjdDoyOA==", "name": "token-FIX-v6", "recordCount": 2, "traceCount": 1, "tokenCountTotal": 21104.0, "tokenCountPrompt": 21100.0, "tokenCountCompletion": 4.0, "endTime": "2026-04-17T22:45:00+00:00"}}, {"node": {"id": "UHJvamVjdDoyOQ==", "name": "Smoke-Tokens-231121", "recordCount": 2, "traceCount": 1, "tokenCountTotal": 21121.0, "tokenCountPrompt": 21120.0, "tokenCountCompletion": 1.0, "endTime": "2026-04-17T23:12:00+00:00"}}, {"node": {"id": "UHJvamVjdDozMA==", "name": "Smoke-Tokens-verify-231311", "recordCount": 2, "traceCount": 1, "tokenCountTotal": 21134.0, "tokenCountPrompt": 21133.0, "tokenCountCompletion": 1.0, "endTime": "2026-04-17T23:14:00+00:00"}}, {"node": {"id": "UHJvamVjdDozMQ==", "name": "Final-Tokens-231618", "recordCount": 2, "traceCount": 1, "tokenCountTotal": 21149.0, "tokenCountPrompt": 21145.0, "tokenCountCompletion": 4.0, "endTime": "2026-04-17T23:17:00+00:00"}}, {"node": {"id": "UHJvamVjdDozMg==", "name": "NoCompat-Test-232447", "recordCount": 2, "traceCount": 1, "tokenCountTotal": 0.0, "tokenCountPrompt": 0.0, "tokenCountCompletion": 0.0, "endTime": "2026-04-17T23:26:00+00:00"}}, {"node": {"id": "UHJvamVjdDozMw==", "name": "CleanUpstream-233802", "recordCount": 2, "traceCount": 1, "tokenCountTotal": 21171.0, "tokenCountPrompt": 21167.0, "tokenCountCompletion": 4.0, "endTime": "2026-04-17T23:40:00+00:00"}}, {"node": {"id": "UHJvamVjdDozNA==", "name": "FinalE2E-Upstream-Only", "recordCount": 40, "traceCount": 19, "tokenCountTotal": 231112.0, "tokenCountPrompt": 230891.0, "tokenCountCompletion": 221.0, "endTime": "2026-04-18T03:54:00+00:00"}}, {"node": {"id": "UHJvamVjdDozNQ==", "name": "Smoke-Apr17-All6", "recordCount": 14, "traceCount": 7, "tokenCountTotal": 100029.0, "tokenCountPrompt": 99924.0, "tokenCountCompletion": 105.0, "endTime": "2026-04-18T02:48:00+00:00"}}, {"node": {"id": "UHJvamVjdDozNg==", "name": "PinchBench-Run_Full_Apr17_Claude-Opus-4.5", "recordCount": 1809, "traceCount": 165, "tokenCountTotal": 22966460.0, "tokenCountPrompt": 22694130.0, "tokenCountCompletion": 272330.0, "endTime": "2026-04-18T06:06:00+00:00"}}, {"node": {"id": "UHJvamVjdDozNw==", "name": "PinchBench-Run_Full_Apr17_Nemotron-3-Super", "recordCount": 2854, "traceCount": 165, "tokenCountTotal": 24590786.0, "tokenCountPrompt": 24232859.0, "tokenCountCompletion": 357927.0, "endTime": "2026-04-18T08:00:00+00:00"}}, {"node": {"id": "UHJvamVjdDozOA==", "name": "PinchBench-Run_Full_Apr17_GPT-OSS", "recordCount": 954, "traceCount": 164, "tokenCountTotal": 4335914.0, "tokenCountPrompt": 4236557.0, "tokenCountCompletion": 99357.0, "endTime": "2026-04-18T10:18:00+00:00"}}, {"node": {"id": "UHJvamVjdDozOQ==", "name": "PinchBench-Run_Full_Apr17_MiniMax-M2.7", "recordCount": 2154, "traceCount": 165, "tokenCountTotal": 14719047.0, "tokenCountPrompt": 14228777.0, "tokenCountCompletion": 490270.0, "endTime": "2026-04-18T12:13:00+00:00"}}, {"node": {"id": "UHJvamVjdDo0MA==", "name": "PinchBench-Run_Full_Apr17_GLM-5-Turbo", "recordCount": 1937, "traceCount": 165, "tokenCountTotal": 14470461.0, "tokenCountPrompt": 14135838.0, "tokenCountCompletion": 334623.0, "endTime": "2026-04-18T14:00:00+00:00"}}, {"node": {"id": "UHJvamVjdDo0MQ==", "name": "PinchBench-Run_Full_Apr17_Claude-Opus-4.6", "recordCount": 1945, "traceCount": 165, "tokenCountTotal": 23465848.0, "tokenCountPrompt": 23170534.0, "tokenCountCompletion": 295314.0, "endTime": "2026-04-18T15:54:00+00:00"}}]}}}
http://194.163.130.146:6006	{"data": {"projects": {"edges": [{"node": {"id": "UHJvamVjdDox", "name": "default", "recordCount": 0, "traceCount": 0, "tokenCountTotal": 0.0, "tokenCountPrompt": 0.0, "tokenCountCompletion": 0.0, "endTime": null}}]}}}
http://47.251.246.12:6006	{"data": {"projects": {"edges": [{"node": {"id": "UHJvamVjdDox", "name": "default", "recordCount": 0, "traceCount": 0, "tokenCountTotal": 0.0, "tokenCountPrompt": 0.0, "tokenCountCompletion": 0.0, "endTime": null}}, {"node": {"id": "UHJvamVjdDoy", "name": "deepagents-monitor-verify", "recordCount": 65, "traceCount": 4, "tokenCountTotal": 71627.0, "tokenCountPrompt": 70103.0, "tokenCountCompletion": 1524.0, "endTime": "2026-04-28T08:23:00+00:00"}}]}}}
http://13.228.68.200:80	{"data": {"projects": {"edges": [{"node": {"id": "UHJvamVjdDox", "name": "default", "recordCount": 0, "traceCount": 0, "tokenCountTotal": 0.0, "tokenCountPrompt": 0.0, "tokenCountCompletion": 0.0, "endTime": null}}, {"node": {"id": "UHJvamVjdDoy", "name": "brand-content", "recordCount": 5514, "traceCount": 856, "tokenCountTotal": 32797995.0, "tokenCountPrompt": 29088935.0, "tokenCountCompletion": 3709060.0, "endTime": "2026-05-09T17:24:00+00:00"}}, {"node": {"id": "UHJvamVjdDoz", "name": "brand-recognize", "recordCount": 301872, "traceCount": 28463, "tokenCountTotal": 387300921.0, "tokenCountPrompt": 340256965.0, "tokenCountCompletion": 47043956.0, "endTime": "2026-05-09T17:25:00+00:00"}}, {"node": {"id": "UHJvamVjdDo0", "name": "brand-sentiment", "recordCount": 206710, "traceCount": 20412, "tokenCountTotal": 665166757.0, "tokenCountPrompt": 634979037.0, "tokenCountCompletion": 30187720.0, "endTime": "2026-05-09T17:24:00+00:00"}}, {"node": {"id": "UHJvamVjdDo1", "name": "test-debug", "recordCount": 4, "traceCount": 2, "tokenCountTotal": 0.0, "tokenCountPrompt": 0.0, "tokenCountCompletion": 0.0, "endTime": "2026-03-24T03:32:00+00:00"}}, {"node": {"id": "UHJvamVjdDo2", "name": "test-debug2", "recordCount": 2, "traceCount": 1, "tokenCountTotal": 0.0, "tokenCountPrompt": 0.0, "tokenCountCompletion": 0.0, "endTime": "2026-03-24T03:35:00+00:00"}}, {"node": {"id": "UHJvamVjdDo3", "name": "brand-knowledge", "recordCount": 543, "traceCount": 353, "tokenCountTotal": 2094836.0, "tokenCountPrompt": 1875963.0, "tokenCountCompletion": 218873.0, "endTime": "2026-05-08T02:00:00+00:00"}}]}}}
http://44.205.59.75:80	{"data": {"projects": {"edges": [{"node": {"id": "UHJvamVjdDox", "name": "default", "recordCount": 0, "traceCount": 0, "tokenCountTotal": 0.0, "tokenCountPrompt": 0.0, "tokenCountCompletion": 0.0, "endTime": null}}, {"node": {"id": "UHJvamVjdDoy", "name": "caylent-poc", "recordCount": 36, "traceCount": 9, "tokenCountTotal": 29236.0, "tokenCountPrompt": 24631.0, "tokenCountCompletion": 4605.0, "endTime": "2026-03-31T16:22:00+00:00"}}, {"node": {"id": "UHJvamVjdDo4", "name": "playground", "recordCount": 1, "traceCount": 1, "tokenCountTotal": 3165.0, "tokenCountPrompt": 2665.0, "tokenCountCompletion": 500.0, "endTime": "2026-03-31T14:58:00+00:00"}}, {"node": {"id": "UHJvamVjdDoxMw==", "name": "carrier-email-generation", "recordCount": 86, "traceCount": 86, "tokenCountTotal": 180267.0, "tokenCountPrompt": 144931.0, "tokenCountCompletion": 35336.0, "endTime": "2026-04-28T15:44:00+00:00"}}, {"node": {"id": "UHJvamVjdDoxNA==", "name": "invoice-discrepancy", "recordCount": 177, "traceCount": 177, "tokenCountTotal": 173361.0, "tokenCountPrompt": 139399.0, "tokenCountCompletion": 33962.0, "endTime": "2026-04-28T15:48:00+00:00"}}]}}}
https://34.23.4.130:443	{"data": {"projects": {"edges": [{"node": {"id": "UHJvamVjdDox", "name": "default", "recordCount": 0, "traceCount": 0, "tokenCountTotal": 0.0, "tokenCountPrompt": 0.0, "tokenCountCompletion": 0.0, "endTime": null}}, {"node": {"id": "UHJvamVjdDoz", "name": "Multi-Agent Engine", "recordCount": 16061, "traceCount": 1292, "tokenCountTotal": 23351561.0, "tokenCountPrompt": 23252147.0, "tokenCountCompletion": 99414.0, "endTime": "2026-05-08T15:31:00+00:00"}}]}}}
http://35.231.248.197:6006	{"data": {"projects": {"edges": [{"node": {"id": "UHJvamVjdDox", "name": "default", "recordCount": 15753, "traceCount": 15185, "tokenCountTotal": 17433.0, "tokenCountPrompt": 14240.0, "tokenCountCompletion": 3193.0, "endTime": "2026-05-09T22:31:00+00:00"}}]}}}
https://98.95.75.15:443	{"data": {"projects": {"edges": [{"node": {"id": "UHJvamVjdDox", "name": "default", "recordCount": 0, "traceCount": 0, "tokenCountTotal": 0.0, "tokenCountPrompt": 0.0, "tokenCountCompletion": 0.0, "endTime": null}}, {"node": {"id": "UHJvamVjdDoz", "name": "Songbird", "recordCount": 150, "traceCount": 26, "tokenCountTotal": 85872.0, "tokenCountPrompt": 70943.0, "tokenCountCompletion": 14929.0, "endTime": "2026-03-17T16:18:00+00:00"}}]}}}
http://136.112.2.173:6006	{"data": {"projects": {"edges": [{"node": {"id": "UHJvamVjdDox", "name": "default", "recordCount": 294729, "traceCount": 3468, "tokenCountTotal": 0.0, "tokenCountPrompt": 0.0, "tokenCountCompletion": 0.0, "endTime": "2026-04-16T15:42:00+00:00"}}, {"node": {"id": "UHJvamVjdDoz", "name": "evaluators", "recordCount": 28205, "traceCount": 28205, "tokenCountTotal": 0.0, "tokenCountPrompt": 0.0, "tokenCountCompletion": 0.0, "endTime": "2026-04-07T18:18:00+00:00"}}]}}}
http://51.15.203.254:6007	{"data": {"projects": {"edges": [{"node": {"id": "UHJvamVjdDox", "name": "default", "recordCount": 0, "traceCount": 0, "tokenCountTotal": 0.0, "tokenCountPrompt": 0.0, "tokenCountCompletion": 0.0, "endTime": null}}]}}}
http://140.245.17.141:80	{"data": {"projects": {"edges": [{"node": {"id": "UHJvamVjdDox", "name": "default", "recordCount": 0, "traceCount": 0, "tokenCountTotal": 0.0, "tokenCountPrompt": 0.0, "tokenCountCompletion": 0.0, "endTime": null}}]}}}
https://172.199.106.92:443	{"data": {"projects": {"edges": [{"node": {"id": "UHJvamVjdDox", "name": "default", "recordCount": 17, "traceCount": 17, "tokenCountTotal": 9111.0, "tokenCountPrompt": 6830.0, "tokenCountCompletion": 2281.0, "endTime": "2026-03-31T10:39:00+00:00"}}]}}}
http://35.193.206.38:6006	{"data": {"projects": {"edges": [{"node": {"id": "UHJvamVjdDox", "name": "default", "recordCount": 875, "traceCount": 516, "tokenCountTotal": 1398937.0, "tokenCountPrompt": 1390257.0, "tokenCountCompletion": 8680.0, "endTime": "2026-05-10T00:08:00+00:00"}}]}}}
http://34.30.95.80:6006	{"data": {"projects": {"edges": [{"node": {"id": "UHJvamVjdDox", "name": "default", "recordCount": 0, "traceCount": 0, "tokenCountTotal": 0.0, "tokenCountPrompt": 0.0, "tokenCountCompletion": 0.0, "endTime": null}}, {"node": {"id": "UHJvamVjdDoy", "name": "al-hattab-chatbot", "recordCount": 202, "traceCount": 143, "tokenCountTotal": 50442.0, "tokenCountPrompt": 47081.0, "tokenCountCompletion": 3361.0, "endTime": "2025-12-29T13:09:00+00:00"}}]}}}
http://47.92.197.149:6006	{"data": {"projects": {"edges": [{"node": {"id": "UHJvamVjdDox", "name": "default", "recordCount": 0, "traceCount": 0, "tokenCountTotal": 0.0, "tokenCountPrompt": 0.0, "tokenCountCompletion": 0.0, "endTime": null}}, {"node": {"id": "UHJvamVjdDoy", "name": "youtu_agent", "recordCount": 11147, "traceCount": 1118, "tokenCountTotal": 43112025.0, "tokenCountPrompt": 37907733.0, "tokenCountCompletion": 5204292.0, "endTime": "2025-12-16T13:36:00+00:00"}}]}}}
http://35.228.21.183:6006	{"data": {"projects": {"edges": [{"node": {"id": "UHJvamVjdDox", "name": "default", "recordCount": 0, "traceCount": 0, "tokenCountTotal": 0.0, "tokenCountPrompt": 0.0, "tokenCountCompletion": 0.0, "endTime": null}}, {"node": {"id": "UHJvamVjdDoy", "name": "New Retrieval", "recordCount": 2465, "traceCount": 491, "tokenCountTotal": 0.0, "tokenCountPrompt": 0.0, "tokenCountCompletion": 0.0, "endTime": "2026-03-27T17:45:00+00:00"}}]}}}
http://142.93.110.237:6006	{"data": {"projects": {"edges": [{"node": {"id": "UHJvamVjdDox", "name": "default", "recordCount": 0, "traceCount": 0, "tokenCountTotal": 0.0, "tokenCountPrompt": 0.0, "tokenCountCompletion": 0.0, "endTime": null}}]}}}
http://20.253.29.16:6006	{"data": {"projects": {"edges": [{"node": {"id": "UHJvamVjdDox", "name": "default", "recordCount": 221696, "traceCount": 18440, "tokenCountTotal": 2933804.0, "tokenCountPrompt": 2605045.0, "tokenCountCompletion": 328759.0, "endTime": "2025-12-07T05:13:00+00:00"}}, {"node": {"id": "UHJvamVjdDoy", "name": "agentic-nlq-api", "recordCount": 9963, "traceCount": 111, "tokenCountTotal": 2110982.0, "tokenCountPrompt": 1899478.0, "tokenCountCompletion": 211504.0, "endTime": "2026-03-16T12:10:00+00:00"}}]}}}
http://3.1.189.83:80	{"data": {"projects": {"edges": [{"node": {"id": "UHJvamVjdDox", "name": "default", "recordCount": 0, "traceCount": 0, "tokenCountTotal": 0.0, "tokenCountPrompt": 0.0, "tokenCountCompletion": 0.0, "endTime": null}}, {"node": {"id": "UHJvamVjdDoy", "name": "brand-content", "recordCount": 5514, "traceCount": 856, "tokenCountTotal": 32797995.0, "tokenCountPrompt": 29088935.0, "tokenCountCompletion": 3709060.0, "endTime": "2026-05-09T17:24:00+00:00"}}, {"node": {"id": "UHJvamVjdDoz", "name": "brand-recognize", "recordCount": 301872, "traceCount": 28463, "tokenCountTotal": 387300921.0, "tokenCountPrompt": 340256965.0, "tokenCountCompletion": 47043956.0, "endTime": "2026-05-09T17:25:00+00:00"}}, {"node": {"id": "UHJvamVjdDo0", "name": "brand-sentiment", "recordCount": 206710, "traceCount": 20412, "tokenCountTotal": 665166757.0, "tokenCountPrompt": 634979037.0, "tokenCountCompletion": 30187720.0, "endTime": "2026-05-09T17:24:00+00:00"}}, {"node": {"id": "UHJvamVjdDo1", "name": "test-debug", "recordCount": 4, "traceCount": 2, "tokenCountTotal": 0.0, "tokenCountPrompt": 0.0, "tokenCountCompletion": 0.0, "endTime": "2026-03-24T03:32:00+00:00"}}, {"node": {"id": "UHJvamVjdDo2", "name": "test-debug2", "recordCount": 2, "traceCount": 1, "tokenCountTotal": 0.0, "tokenCountPrompt": 0.0, "tokenCountCompletion": 0.0, "endTime": "2026-03-24T03:35:00+00:00"}}, {"node": {"id": "UHJvamVjdDo3", "name": "brand-knowledge", "recordCount": 543, "traceCount": 353, "tokenCountTotal": 2094836.0, "tokenCountPrompt": 1875963.0, "tokenCountCompletion": 218873.0, "endTime": "2026-05-08T02:00:00+00:00"}}]}}}
https://38.190.150.39:443	{"data": {"projects": {"edges": [{"node": {"id": "UHJvamVjdDox", "name": "default", "recordCount": 2423, "traceCount": 490, "tokenCountTotal": 2318226.0, "tokenCountPrompt": 2150591.0, "tokenCountCompletion": 167635.0, "endTime": "2026-05-10T02:24:00+00:00"}}]}}}
http://144.91.64.149:6006	{"data": {"projects": {"edges": [{"node": {"id": "UHJvamVjdDox", "name": "default", "recordCount": 0, "traceCount": 0, "tokenCountTotal": 0.0, "tokenCountPrompt": 0.0, "tokenCountCompletion": 0.0, "endTime": null}}]}}}
http://101.42.32.108:6006	{"data": {"projects": {"edges": [{"node": {"id": "UHJvamVjdDox", "name": "default", "recordCount": 0, "traceCount": 0, "tokenCountTotal": 0.0, "tokenCountPrompt": 0.0, "tokenCountCompletion": 0.0, "endTime": null}}, {"node": {"id": "UHJvamVjdDoy", "name": "bc_copilot:dev_63", "recordCount": 5715, "traceCount": 567, "tokenCountTotal": 3942795.0, "tokenCountPrompt": 3544628.0, "tokenCountCompletion": 398167.0, "endTime": "2026-01-08T06:47:00+00:00"}}]}}}
https://34.49.177.95:443	{"data": {"projects": {"edges": [{"node": {"id": "UHJvamVjdDox", "name": "default", "recordCount": 0, "traceCount": 0, "tokenCountTotal": 0.0, "tokenCountPrompt": 0.0, "tokenCountCompletion": 0.0, "endTime": null}}, {"node": {"id": "UHJvamVjdDoy", "name": "demo_agents", "recordCount": 2085, "traceCount": 150, "tokenCountTotal": 2445470.0, "tokenCountPrompt": 2318990.0, "tokenCountCompletion": 126480.0, "endTime": "2026-05-07T16:03:00+00:00"}}, {"node": {"id": "UHJvamVjdDoz", "name": "demo_llama_index", "recordCount": 7500, "traceCount": 500, "tokenCountTotal": 630740.0, "tokenCountPrompt": 601470.0, "tokenCountCompletion": 29270.0, "endTime": "2026-05-07T16:03:00+00:00"}}]}}}
http://34.23.90.218:6006	{"data": {"projects": {"edges": [{"node": {"id": "UHJvamVjdDox", "name": "default", "recordCount": 116823, "traceCount": 47533, "tokenCountTotal": 537885008.0, "tokenCountPrompt": 504600234.0, "tokenCountCompletion": 33284774.0, "endTime": "2026-05-10T05:19:00+00:00"}}, {"node": {"id": "UHJvamVjdDoz", "name": "playground", "recordCount": 0, "traceCount": 0, "tokenCountTotal": 0.0, "tokenCountPrompt": 0.0, "tokenCountCompletion": 0.0, "endTime": null}}]}}}
http://24.144.113.134:6006	{"data": {"projects": {"edges": [{"node": {"id": "UHJvamVjdDox", "name": "default", "recordCount": 88163, "traceCount": 27932, "tokenCountTotal": 116506627.0, "tokenCountPrompt": 115124024.0, "tokenCountCompletion": 1382603.0, "endTime": "2026-05-09T13:46:00+00:00"}}]}}}
http://4.255.37.60:6006	{"data": {"projects": {"edges": [{"node": {"id": "UHJvamVjdDox", "name": "default", "recordCount": 535557, "traceCount": 1906, "tokenCountTotal": 18169295.0, "tokenCountPrompt": 16325644.0, "tokenCountCompletion": 1843651.0, "endTime": "2025-12-07T05:14:00+00:00"}}, {"node": {"id": "UHJvamVjdDoy", "name": "agentic-nlq-api", "recordCount": 99621, "traceCount": 162, "tokenCountTotal": 1002726.0, "tokenCountPrompt": 903032.0, "tokenCountCompletion": 99694.0, "endTime": "2026-01-20T11:12:00+00:00"}}]}}}
http://34.133.205.22:6006	{"data": {"projects": {"edges": [{"node": {"id": "UHJvamVjdDox", "name": "default", "recordCount": 0, "traceCount": 0, "tokenCountTotal": 0.0, "tokenCountPrompt": 0.0, "tokenCountCompletion": 0.0, "endTime": null}}, {"node": {"id": "UHJvamVjdDoy", "name": "test_project", "recordCount": 0, "traceCount": 0, "tokenCountTotal": 0.0, "tokenCountPrompt": 0.0, "tokenCountCompletion": 0.0, "endTime": null}}, {"node": {"id": "UHJvamVjdDo1", "name": "evaluators", "recordCount": 0, "traceCount": 0, "tokenCountTotal": 0.0, "tokenCountPrompt": 0.0, "tokenCountCompletion": 0.0, "endTime": null}}, {"node": {"id": "UHJvamVjdDo1OA==", "name": "univision_BigQuery_chatbot", "recordCount": 8564, "traceCount": 339, "tokenCountTotal": 0.0, "tokenCountPrompt": 0.0, "tokenCountCompletion": 0.0, "endTime": "2026-05-07T07:01:00+00:00"}}, {"node": {"id": "UHJvamVjdDo2MQ==", "name": "univision_test", "recordCount": 55, "traceCount": 1, "tokenCountTotal": 49494.0, "tokenCountPrompt": 48772.0, "tokenCountCompletion": 722.0, "endTime": "2026-02-20T08:53:00+00:00"}}, {"node": {"id": "UHJvamVjdDo2Mg==", "name": "univision_Rag_Agent", "recordCount": 10861, "traceCount": 1328, "tokenCountTotal": 10204700.0, "tokenCountPrompt": 10031732.0, "tokenCountCompletion": 172968.0, "endTime": "2026-04-29T10:46:00+00:00"}}]}}}
http://34.42.247.131:6006	{"data": {"projects": {"edges": [{"node": {"id": "UHJvamVjdDox", "name": "default", "recordCount": 42465, "traceCount": 2233, "tokenCountTotal": 0.0, "tokenCountPrompt": 0.0, "tokenCountCompletion": 0.0, "endTime": "2026-05-08T17:22:00+00:00"}}, {"node": {"id": "UHJvamVjdDoy", "name": "dev-test", "recordCount": 154, "traceCount": 154, "tokenCountTotal": 0.0, "tokenCountPrompt": 0.0, "tokenCountCompletion": 0.0, "endTime": "2025-09-05T02:13:00+00:00"}}]}}}
https://34.93.215.14:443	{"data": {"projects": {"edges": [{"node": {"id": "UHJvamVjdDox", "name": "default", "recordCount": 0, "traceCount": 0, "tokenCountTotal": 0.0, "tokenCountPrompt": 0.0, "tokenCountCompletion": 0.0, "endTime": null}}, {"node": {"id": "UHJvamVjdDoy", "name": "KapEX", "recordCount": 438071, "traceCount": 438065, "tokenCountTotal": 472638952.0, "tokenCountPrompt": 462177267.0, "tokenCountCompletion": 10461685.0, "endTime": "2026-05-08T13:39:00+00:00"}}]}}}
http://190.210.105.193:6006	{"data": {"projects": {"edges": [{"node": {"id": "UHJvamVjdDox", "name": "default", "recordCount": 0, "traceCount": 0, "tokenCountTotal": 0, "tokenCountPrompt": 0, "tokenCountCompletion": 0, "endTime": null}}, {"node": {"id": "UHJvamVjdDo0", "name": "GPU_REPORTS", "recordCount": 821708, "traceCount": 1452, "tokenCountTotal": 1177116337, "tokenCountPrompt": 1169186140, "tokenCountCompletion": 7930197, "endTime": "2025-07-10T20:33:00+00:00"}}, {"node": {"id": "UHJvamVjdDo1", "name": "TEST_GPU_REPORTS", "recordCount": 56806, "traceCount": 1463, "tokenCountTotal": 31334584, "tokenCountPrompt": 30805690, "tokenCountCompletion": 528894, "endTime": "2025-05-30T16:45:00+00:00"}}, {"node": {"id": "UHJvamVjdDo3", "name": "evaluators", "recordCount": 431, "traceCount": 431, "tokenCountTotal": 0, "tokenCountPrompt": 0, "tokenCountCompletion": 0, "endTime": "2025-04-16T20:36:00+00:00"}}, {"node": {"id": "UHJvamVjdDo0NQ==", "name": "gpu_reports_dev", "recordCount": 41, "traceCount": 7, "tokenCountTotal": 308, "tokenCountPrompt": 248, "tokenCountCompletion": 60, "endTime": "2025-05-09T20:12:00+00:00"}}]}}}
http://34.60.92.205:6006	{"data": {"projects": {"edges": [{"node": {"id": "UHJvamVjdDox", "name": "default", "recordCount": 1786731, "traceCount": 81865, "tokenCountTotal": 0.0, "tokenCountPrompt": 0.0, "tokenCountCompletion": 0.0, "endTime": "2025-07-09T16:00:00+00:00"}}, {"node": {"id": "UHJvamVjdDo1", "name": "evaluators", "recordCount": 57188, "traceCount": 57188, "tokenCountTotal": 0.0, "tokenCountPrompt": 0.0, "tokenCountCompletion": 0.0, "endTime": "2025-07-15T20:38:00+00:00"}}]}}}
https://34.40.51.187:443	{"data": {"projects": {"edges": [{"node": {"id": "UHJvamVjdDox", "name": "default", "recordCount": 0, "traceCount": 0, "tokenCountTotal": 0.0, "tokenCountPrompt": 0.0, "tokenCountCompletion": 0.0, "endTime": null}}, {"node": {"id": "UHJvamVjdDoy", "name": "Multi-Agent Engine", "recordCount": 475048, "traceCount": 44363, "tokenCountTotal": 563171866.0, "tokenCountPrompt": 558971176.0, "tokenCountCompletion": 4200690.0, "endTime": "2026-05-10T05:09:00+00:00"}}]}}}
http://5.78.185.210:6006	
http://146.190.49.7:6006	
http://34.72.66.163:6006	
https://3.111.165.245:443	
http://47.238.64.150:6006	
http://47.93.85.69:6006	
http://173.214.172.254:6006	
http://159.223.30.72:6006	
http://159.138.59.104:8000	
https://34.180.39.39:443	
