provider	bucket_or_ref	verdict	key_count_visible	first_host	occurrences	host_count
aws-s3	mlflow	exists-private		http://101.202.128.3:5000	31	11
aws-s3	bia-mlflow	exists-private		http://34.235.209.101:80	20	2
aws-s3	flow-bucket	not-found		http://146.190.23.12:5000	10	1
aws-s3	maiaddy-mlflow-artifacts	exists-private		http://16.16.53.188:80	10	1
aws-s3	authenta-mlflow	exists-private		http://44.222.239.15:80	10	1
aws-s3	mlflow-artifacts-631835340943	exists-private		http://44.223.132.249:80	10	1
aws-s3	svdeepflow-mlflow-artifacts-dev	exists-private		http://13.124.102.160:80	9	3
aws-s3	miles-mlflow-models	exists-private		http://3.72.20.57:80	9	1
aws-s3	hia-dev-s3-ew1-hes-ai-000	exists-private		http://34.253.171.83:80	9	1
aws-s3	broadcast-ai	exists-private		http://35.247.49.140:5000	9	1
gcs	jrg-mlflow-artifacts	exists-private		http://34.124.146.134:5000	8	1
azure-blob	mlflowartifacts@riskmodelstorage.blob.core.windows.net	indeterminate		http://20.63.37.175:5000	5	1
aws-s3	gmb-ddal-test-oslo-shared	exists-private		http://129.240.189.178:5000	4	1
aws-s3	mlperf-mlflow-artifacts	exists-private		http://150.239.115.202:5000	4	1
aws-s3	mlflow-artifacts-jhex933	not-found		http://178.154.213.23:5000	4	1
aws-s3	mlops-flow-dev-mlflow-artifacts-f681d48c	exists-private		http://3.134.38.233:80	4	1
gcs	aircheck-mlflow-tracking	exists-private		http://34.130.80.214:5000	4	1
gcs	kurious-ml-dev	exists-private		http://35.184.184.40:5000	4	1
gcs	avaloka-mlflow-artifacts	exists-private		http://35.208.77.80:5000	4	1
azure-blob	mlflowartifacts@mvpusstorage.blob.core.windows.net	indeterminate		http://52.237.35.109:5000	4	1
aws-s3	rf-detr-training	exists-private		http://72.44.42.98:80	4	1
azure-blob	model-storage@blobimgstore.blob.core.windows.net	public-list	0	http://98.67.188.174:5000	4	1
azure-blob	blobs@mlflowblobs.blob.core.windows.net	indeterminate		http://20.63.37.175:5000	3	1
aws-s3	bw-dev1-private-llm	exists-private		http://3.90.118.253:80	3	1
gcs	io-purchase-predict	exists-private		http://34.170.140.155:5000	3	1
gcs	dev-dfml-platform-mlflow-artifacts	exists-private		http://34.22.102.106:80	3	1
gcs	mlflow-rns	exists-private		http://35.224.180.252:5000	3	1
gcs	mlflow-model-artifacts	exists-private		http://35.232.122.64:5000	3	1
azure-blob	mlflow@keystoneprodstorage.blob.core.windows.net	indeterminate		http://172.187.122.3:80	2	1
azure-blob	mlflowartifacts@opia3modelstorage.blob.core.windows.net	exists-private		http://20.63.37.175:5000	2	1
azure-blob	mlflow@blobbacdetection.blob.core.windows.net	not-found		http://20.8.221.81:5000	2	1
aws-s3	ml-flow-artifact	not-found		http://206.189.209.163:80	2	1
aws-s3	agroview-mlflow-artifacts-staging	exists-private		http://3.141.248.201:80	2	1
gcs	si-hadoop-bucket	exists-private		http://34.125.164.142:5000	2	1
gcs	purchase_predict_tp7	exists-private		http://34.135.237.70:80	2	1
gcs	p14-medical-data	exists-private		http://34.155.160.41:5000	2	1
gcs	purchase-predict-ryad	exists-private		http://34.57.227.25:80	2	1
gcs	dra_performance_simulation_us-east1_data	exists-private		http://34.74.219.4:5000	2	1
gcs	hikes-model-output	exists-private		http://35.202.68.106:5000	2	1
gcs	mlflow-artifacts-prod-123	exists-private		https://68.183.167.128:443	2	1
aws-s3	aipod-crop	exists-private		http://138.197.152.103:5000	1	1
aws-s3	mlflow-bucket	exists-private		http://147.102.6.24:5000	1	1
azure-blob	mlflow-artifacts@uswpredaks.blob.core.windows.net	exists-private		http://20.253.222.177:80	1	1
gcs	mlflow-artifacts-taxi-trip-a2-2026	exists-private		http://34.121.26.13:5000	1	1
gcs	upgrad-102-churn-mlops	exists-private		http://34.47.195.152:5000	1	1
gcs	upgrad-101-churn-mlops	exists-private		http://34.47.195.152:5000	1	1
gcs	ddl-mlflow	exists-private		http://35.204.152.137:5000	1	1
gcs	mlinfra-mlflow-artifacts	exists-private		http://35.209.115.98:5000	1	1
aws-s3	mlops-amazon	exists-private		http://78.135.66.61:5000	1	1
