case_study,K108,K1157,K1158,K1159,K22,K6311,K6900,K6935,K7003,K7004,K7020,K7024,K7040,K7041,K7044,K7045,K7048,K7051,K7052,K7054,K942,S7056,S7065,S7067,S7068,S7069,S7070,S7075,S7076,T5854,T5858,T5868,T5882,T5893,T5896,T5904,T5919
22-ai-stack-attribution-2026-05-17.md,0,0,1,1,1,1,1,1,1,1,0,0,1,0,1,0,0,1,0,0,1,0,1,1,1,0,1,1,0,1,1,1,0,1,0,1,0
AR-reputacion-digital-multi-surface-2026-05-10.md,0,0,1,1,1,1,1,1,1,1,0,0,1,0,1,0,0,0,0,0,0,0,0,0,1,0,1,1,0,0,0,1,0,1,0,1,1
FR-emails-pro-rdv-bot.md,0,0,1,1,1,1,0,1,1,1,0,0,1,0,0,0,0,0,0,0,1,0,0,0,1,0,0,1,0,1,0,1,0,0,0,1,0
FUTURE-SURVEYS.md,1,1,1,1,1,1,1,1,1,1,0,1,1,1,1,1,0,1,1,0,1,1,1,1,1,1,0,1,1,1,1,1,1,1,0,1,0
REMEDIATION-GUIDE.md,0,0,1,1,1,1,1,1,1,0,0,0,1,0,0,0,0,0,0,0,0,0,0,0,1,0,0,1,0,0,0,1,0,0,0,1,1
SYNTHESIS-2026-05.md,1,1,1,1,1,1,1,1,1,1,0,1,1,1,1,1,0,1,1,1,1,1,1,1,1,1,1,1,1,1,1,1,1,1,0,1,1
SYNTHESIS-ai-observability-2026-05-10.md,0,0,1,1,1,1,0,1,1,1,0,0,1,0,1,0,0,1,0,0,1,0,0,0,1,0,1,1,0,1,0,1,0,1,0,1,1
SYNTHESIS-ai-observability-phase2-2026-05-12.md,0,0,1,0,1,0,1,1,1,1,0,0,1,0,1,0,0,0,0,0,0,0,0,0,1,0,1,0,0,1,0,1,0,1,0,1,0
TR-sanctionscanner-aml-kyc.md,0,1,1,0,1,1,1,1,1,0,0,0,0,0,0,0,0,0,0,0,1,0,0,0,1,0,0,1,0,0,0,0,0,0,0,1,0
VN-watzis-ai-pii-memory.md,0,1,1,0,1,1,0,0,1,0,0,0,1,0,0,0,0,0,0,0,0,0,0,0,1,1,0,1,0,1,0,0,0,0,0,1,0
adya-ai-vanijmcp-2026-05-17.md,0,0,1,1,1,1,0,1,1,0,0,1,1,1,0,0,0,0,1,0,0,1,0,1,1,0,0,1,1,0,0,1,0,1,0,1,0
agent-framework-stragglers-population-survey-2026-05-16.md,0,0,1,0,1,1,0,0,1,1,0,0,0,0,1,0,0,1,0,0,0,0,0,0,1,0,1,1,0,0,1,1,0,1,0,1,0
agent-frameworks-cross-survey-2026-05-07.md,0,1,1,1,1,1,1,1,1,1,0,0,1,0,1,0,1,1,0,0,0,0,0,0,1,0,1,1,0,1,0,1,0,1,0,1,0
agent-memory-population-survey-2026-05-16.md,0,0,1,0,1,1,0,1,1,1,0,0,1,1,1,0,0,1,1,0,0,1,1,0,1,0,1,1,1,1,1,1,0,1,0,1,1
agenta-llmops-observability-survey-2026-05-22.md,0,0,1,0,1,1,0,1,1,1,0,1,1,0,1,0,0,1,0,1,0,1,0,1,1,0,1,1,0,0,0,1,1,1,1,1,1
agno-gptresearcher-agentgpt-cat06-stragglers-2026-05-26.md,1,0,1,0,1,1,0,1,1,1,0,0,1,0,1,0,0,0,1,0,1,1,1,1,1,0,1,1,0,1,1,1,0,1,1,1,1
ai-agents-survey-2026-05-17.md,0,0,1,0,1,1,0,1,1,1,0,0,0,0,1,0,0,1,0,0,0,0,0,0,0,0,1,1,0,0,1,1,0,1,0,0,1
ai-eval-redteam-survey-2026-05-28.md,1,0,1,1,1,1,1,1,1,1,0,0,1,0,1,0,0,1,0,1,1,0,0,1,1,0,1,1,0,0,1,1,0,1,0,1,1
ai-gateways-survey-cat32-2026-06-01.md,0,0,1,1,1,1,0,1,1,1,0,0,1,0,1,0,0,0,0,0,0,0,1,0,1,0,1,1,0,0,1,1,0,1,0,1,1
ai-safety-eval-cloud-survey-2026-05.md,0,0,1,1,1,1,0,1,1,1,0,0,1,0,1,0,0,1,0,1,0,0,0,0,1,0,1,1,0,0,0,1,0,1,0,1,0
airbnb-tenant-agent-cors-46.224.86.76-2026-05-25.md,1,0,1,0,1,0,1,0,1,0,0,0,1,0,0,0,0,0,0,0,0,0,0,0,1,0,0,1,0,1,0,0,0,0,0,1,1
airbnb-tenant-agent-cors-whatsapp-2026-05-25.md,0,0,1,0,1,0,0,1,0,0,0,0,0,0,0,0,0,0,0,0,0,0,0,0,1,0,0,1,0,0,0,1,1,0,0,0,1
airbnb-tenant-agent-langgraph-2026-05-25.md,0,0,1,0,1,1,1,1,1,0,0,0,1,0,0,0,0,0,0,0,1,0,0,0,1,0,0,1,0,1,0,1,0,0,0,0,1
alpha-miner-194-233-71-223-2026-05-15.md,1,0,1,1,1,1,0,1,1,1,0,0,0,0,1,0,1,0,0,0,1,1,0,0,1,0,1,1,0,0,1,1,1,1,1,1,1
anduril-lattice-dev-infrastructure-2026-05-08.md,0,0,1,1,1,1,1,1,1,1,0,0,0,0,1,0,1,1,0,0,0,0,0,0,1,0,1,1,0,0,0,1,0,1,0,1,1
apptica-clickhouse-2026-05-28.md,0,0,1,1,1,1,1,1,1,1,0,1,1,0,0,1,0,0,0,0,0,0,1,1,1,1,1,1,0,1,0,1,0,0,0,1,0
argo-workflows-darktier-2026-05-31.md,0,0,1,0,1,0,0,1,1,0,0,0,0,0,0,0,0,0,0,0,0,0,0,0,1,0,0,0,0,0,0,0,0,0,0,1,0
argo-workflows-osint-pre-assessment-2026-05-27.md,1,0,1,1,1,1,1,1,1,1,0,1,0,0,1,0,0,0,0,0,1,0,0,1,1,0,1,1,0,0,1,1,0,1,0,1,1
argo-workflows-survey-2026-05-27.md,1,1,1,1,1,1,1,1,1,1,0,0,0,1,1,0,0,1,1,1,1,1,0,1,1,0,1,1,1,0,1,0,0,1,1,1,1
argo-workflows-survey-cat29-2026-05-31.md,0,0,1,1,1,1,0,1,1,1,0,1,0,0,1,0,0,1,0,1,0,1,0,0,1,0,1,0,0,0,1,1,0,1,1,1,1
argocd-population-survey-2026-05-16.md,0,0,1,1,1,0,0,1,1,1,0,0,1,0,1,0,0,0,0,0,1,0,0,0,1,0,1,1,0,1,1,0,0,1,0,1,0
artsypetz-crewai-langfuse-unauth-147-182-219-125-2026-05-25.md,0,0,1,1,1,1,0,1,1,0,0,0,1,0,1,0,0,1,0,0,0,0,0,0,1,0,1,1,0,0,0,0,0,1,0,1,1
ati-docu-companion-langgraph-2026-05-25.md,0,0,1,0,1,0,1,0,1,0,0,0,1,0,0,0,0,0,0,0,1,0,0,0,1,0,0,1,0,0,0,1,0,0,0,1,0
auth-gateway-survey-2026-05-28.md,1,0,1,1,1,1,0,1,1,1,0,0,1,0,1,0,0,1,0,0,1,1,0,0,1,0,1,1,0,0,1,1,1,1,1,1,1
auth-gateway-survey-2026-05-29.md,0,0,1,0,1,1,1,1,1,1,0,0,0,0,1,0,0,0,0,0,1,0,0,0,1,0,1,1,0,0,0,1,1,1,0,1,1
autogen-studio-survey-2026-05-14.md,0,0,1,1,1,1,1,1,1,1,0,0,0,0,1,0,1,0,0,0,0,0,0,0,1,0,1,1,0,0,0,1,0,1,0,1,1
background-studio-crm-redisinsight-chain-b-65-21-151-67-2026-05-26.md,0,0,1,0,1,0,0,0,1,1,0,0,1,0,0,0,0,1,0,0,0,0,0,0,1,0,1,1,0,1,0,0,0,0,0,1,0
backup-snapshot-services-survey-2026-05.md,1,1,1,1,1,1,1,1,1,1,0,0,1,0,1,0,0,1,0,0,1,0,0,0,1,0,0,1,0,1,0,1,0,1,0,1,0
bi-dashboard-cloud-survey-2026-05.md,1,0,1,1,1,1,1,1,1,0,0,0,1,0,0,0,1,1,0,0,1,0,0,1,1,0,1,1,0,1,0,1,0,0,0,1,0
bisheng-population-survey-2026-06-06.md,0,0,1,1,1,1,0,1,1,1,0,0,1,0,0,0,0,0,0,0,0,0,0,0,1,0,1,1,0,1,1,1,0,0,0,1,1
browser-agent-cloud-survey-2026-05.md,1,0,1,1,1,1,1,1,1,1,0,0,1,0,1,0,0,1,0,1,1,0,1,0,1,0,1,1,0,0,0,1,1,1,0,1,0
browser-automation-backend-survey-2026-05-14.md,0,0,1,1,1,0,1,1,1,1,0,0,0,0,1,0,0,1,0,1,1,0,0,0,1,0,0,1,0,0,1,1,0,1,0,1,0
campusiris-redisinsight-chain-b-150-230-235-79-2026-05-26.md,0,0,1,0,1,0,0,1,1,1,0,0,1,0,0,0,0,0,0,0,1,0,0,0,1,0,1,0,0,1,0,0,0,0,0,1,0
cat03-model-serving-survey-2026-06-05.md,1,0,1,1,1,1,1,1,1,1,0,0,1,1,1,0,0,1,1,1,1,1,0,1,1,0,1,1,1,1,1,0,1,1,1,1,1
cdp-browser-control-survey-2026-05-14.md,1,0,1,1,1,1,1,1,1,1,0,0,0,1,1,0,1,1,0,0,0,0,1,0,1,0,1,1,0,0,1,1,0,1,0,1,0
chromadb-cloud-survey-2026-05.md,1,1,1,1,1,1,0,1,1,1,0,0,1,0,1,0,0,1,0,1,0,0,0,1,1,0,1,1,0,1,1,1,0,1,0,1,1
chromadb-tier2-cloud-survey-2026-05.md,0,1,1,0,1,0,0,1,1,0,0,0,1,0,0,0,0,1,0,0,1,0,0,0,1,0,0,1,0,1,1,1,0,0,0,1,0
claude-relay-chinese-reseller-2026-05-19.md,1,0,1,1,1,1,1,1,1,1,0,1,1,0,1,1,0,0,0,0,0,0,0,0,1,1,1,1,0,0,0,1,0,1,0,1,1
clickhouse-population-survey-2026-05-16.md,1,0,1,1,1,1,0,0,1,1,0,0,1,0,0,0,0,1,0,0,1,0,0,0,1,0,1,1,0,1,1,1,0,1,0,1,1
climategpt-opik-vllm-2026-05-22.md,1,0,1,1,1,1,1,0,1,1,0,0,0,0,1,0,0,1,0,0,1,1,1,1,1,0,1,1,0,0,1,1,0,1,1,1,1
cms-prod-redis-redisinsight-chain-b-35.210.76.182-2026-05-26.md,1,1,1,1,1,1,1,1,1,1,0,0,1,0,1,0,0,1,0,0,1,0,0,0,1,1,1,1,0,1,1,1,1,1,0,1,1
code-assistants-population-survey-2026-05-18.md,0,0,1,1,1,1,1,1,1,1,0,0,0,0,1,0,0,1,0,1,0,0,1,0,1,0,1,1,0,0,1,1,0,1,0,1,1
collector-scraper-api-langgraph-pii-2026-05-25.md,1,0,1,1,1,1,1,1,1,1,0,0,1,0,0,0,0,1,0,0,1,0,0,0,1,0,0,1,0,1,0,0,0,0,0,1,0
comfyui-cloud-survey-2026-05.md,1,0,1,1,1,1,0,1,1,1,0,0,1,0,1,0,0,0,0,0,1,0,1,0,1,0,0,1,0,0,1,1,0,1,0,1,0
compute-orchestration-cloud-survey-2026-05.md,0,0,1,1,1,1,0,1,1,1,0,0,1,0,1,0,0,0,0,0,1,0,1,1,1,0,1,1,0,1,1,1,1,1,0,1,0
consul-population-survey-2026-05-16.md,0,0,1,1,1,1,1,1,1,1,0,0,0,0,1,0,0,1,0,0,0,0,1,0,1,0,1,1,0,0,1,1,1,1,0,1,0
cost-billing-analytics-survey-2026-05-19.md,1,0,1,1,1,1,1,1,1,1,0,0,1,0,1,0,0,0,0,0,0,0,0,1,1,0,1,1,0,1,1,1,1,1,0,1,1
couchdb-telecom-consent-rce-2026-05-09.md,0,0,1,1,1,0,1,1,1,0,0,0,0,0,0,0,0,0,0,0,0,0,0,0,1,0,0,0,0,0,0,1,0,0,0,1,0
cpac-scg-strapi-api-cpac-co-th-2026-05-26.md,0,0,1,1,1,1,1,1,1,1,0,0,1,0,1,0,0,1,0,0,1,0,0,0,1,0,1,1,0,1,0,1,1,1,0,1,1
cpacredis-redisinsight-chain-b-178.128.84.65-2026-05-26.md,0,0,1,1,1,1,1,1,1,1,0,0,1,0,1,0,1,1,0,0,1,0,0,0,1,0,1,1,0,1,1,1,0,1,0,1,1
crewai-sop-rag-agent-unauth-2026-05-25.md,0,0,1,0,1,1,0,1,1,1,0,0,0,0,0,0,0,1,0,0,0,0,0,0,1,0,0,1,0,0,0,1,0,0,0,1,0
data-labeling-cloud-survey-2026-05.md,1,1,1,1,1,1,1,1,1,1,0,0,1,0,1,0,0,1,0,1,1,0,1,1,1,0,0,1,0,1,0,1,0,1,0,1,0
data-labeling-population-survey-2026-05-16.md,1,0,1,0,1,0,0,1,1,1,0,0,1,0,0,0,0,1,0,0,0,0,0,1,1,0,1,0,0,1,1,1,0,1,0,1,0
data-labeling-survey-2026-05-31.md,0,0,1,1,1,1,1,1,1,1,0,0,1,0,1,0,0,0,0,0,1,1,0,0,1,0,1,1,0,1,1,0,0,1,1,1,1
datav-skillmine-clickhouse-2026-05-28.md,0,1,1,1,1,1,1,1,1,1,0,0,1,0,0,0,0,1,0,0,1,0,0,1,1,0,1,0,0,1,1,1,0,0,0,1,0
demant-semantic-kernel-agents-unauth-172-205-127-109-2026-05-25.md,0,0,1,0,1,1,0,1,1,0,0,0,1,0,0,0,0,1,0,0,0,0,0,0,1,0,0,1,0,1,0,1,0,0,0,1,0
difinance-telegram-bot-redisinsight-31.129.97.101-2026-05-26.md,0,0,1,0,1,1,0,0,1,1,0,0,1,0,1,0,0,0,0,0,1,0,0,0,1,0,1,1,0,1,0,1,0,0,0,1,0
dify-population-survey-2026-06-06.md,0,0,1,0,1,1,0,1,1,1,0,0,1,0,0,0,0,0,0,0,0,0,0,0,1,0,1,1,0,1,0,0,0,1,0,1,1
mlflow-cve-pair-2026-05-04-log.md,0,0,1,1,1,1,0,1,0,0,0,0,1,0,1,0,0,0,0,0,0,0,0,0,1,0,0,1,0,0,0,1,0,1,0,0,0
qdrant-snapshot-disclosure-ledger-2026-05.md,0,1,1,0,1,1,1,1,1,1,0,0,1,0,0,0,0,0,0,1,1,0,0,0,1,0,1,1,0,1,0,1,1,0,0,1,1
tweet-optimize-2026-05-03-log.md,0,0,1,0,1,0,0,0,1,1,0,0,1,0,0,0,0,0,0,0,1,0,0,0,1,0,0,1,0,1,0,1,1,0,0,1,0
docker-daemon-population-survey-2026-05-15.md,0,0,1,1,1,1,1,1,1,1,0,0,1,0,0,0,0,0,0,0,0,0,0,0,1,0,1,1,0,1,0,1,1,1,0,1,0
docu-companion-ati-vite-dev-production-2026-05-25.md,0,0,1,0,1,0,0,0,1,1,0,0,1,0,0,0,0,1,0,0,1,0,0,0,1,0,0,1,0,0,0,0,0,0,0,1,0
docu-companion-vite-dev-server-2026-05-25.md,0,0,1,0,1,1,0,1,1,0,0,0,1,0,0,0,0,0,0,0,1,0,0,0,1,0,0,1,0,0,0,0,0,0,0,1,0
elasticsearch-ai-stack-population-survey-2026-05-16.md,0,0,1,1,1,1,0,1,1,1,0,0,0,0,1,0,0,0,0,0,1,0,1,0,1,0,1,1,0,0,1,1,0,1,0,1,0
elasticsearch-cloud-survey-2026-05.md,0,1,1,0,1,1,1,1,1,0,0,0,1,0,0,0,0,0,0,0,1,0,0,0,1,0,0,1,0,0,0,1,0,0,0,1,0
embedding-services-cloud-survey-2026-05.md,0,1,1,1,1,1,1,1,1,1,0,0,1,1,1,0,0,1,1,0,0,1,0,0,1,0,1,1,1,1,0,1,0,1,0,1,0
embedding-tier2-2026-05-21.md,0,0,1,1,1,1,0,1,1,1,0,0,1,0,1,0,0,1,0,0,0,0,0,0,1,0,1,1,0,0,0,0,0,0,0,1,1
epolca-redisinsight-chain-b-116.203.208.124-2026-05-26.md,0,0,1,0,1,0,1,1,1,1,0,0,1,0,0,0,0,1,0,0,0,0,0,0,1,0,1,1,0,1,0,0,0,0,0,1,0
erpnext-frappe-ldap-redis-cache-212.47.228.104-2026-05-25.md,0,0,1,0,1,0,0,1,1,1,0,0,1,0,0,0,0,1,0,0,1,0,0,1,1,0,1,0,0,0,0,0,0,1,0,0,0
es-clickhouse-cross-stack-2026-05-17.md,1,0,1,1,1,1,0,1,1,1,0,0,1,0,1,0,0,0,0,0,0,1,1,0,1,0,1,1,0,1,0,1,0,1,1,1,1
etcd-population-survey-2026-05-15.md,0,0,1,1,1,1,0,0,1,1,0,0,0,0,1,0,0,0,0,0,0,0,0,0,1,0,1,1,0,0,1,1,1,1,0,1,1
experiment-tracking-population-survey-2026-05-16.md,0,0,1,0,1,1,0,1,1,1,0,0,0,1,0,0,0,1,1,0,0,1,0,1,1,0,1,1,1,0,1,1,0,0,0,1,0
experiment-tracking-registry-survey-2026-05-29.md,0,0,1,1,1,1,1,1,1,1,0,0,0,0,1,0,0,1,0,0,0,0,0,0,1,0,1,1,0,0,0,0,0,1,0,1,1
fais-mcp-server-unauth-4-187-183-11-2026-05-25.md,0,0,1,0,1,1,0,1,1,0,0,0,0,0,0,0,0,1,0,0,1,0,0,0,0,0,0,1,0,0,0,0,0,0,0,0,0
flowise-cloud-survey-2026-05.md,0,0,1,1,1,1,0,1,1,1,0,0,0,0,1,0,0,1,0,1,0,0,0,0,1,0,1,1,0,0,1,1,0,1,0,1,1
flowise-population-survey-2026-06-06.md,0,0,1,1,1,1,1,1,1,1,0,0,0,0,0,0,0,0,0,0,0,0,0,0,1,0,1,1,0,0,0,1,0,1,0,1,1
gpu-compute-population-survey-2026-05-16.md,1,0,1,0,1,1,0,1,1,1,0,0,0,0,1,0,0,0,0,0,1,0,0,1,1,0,1,1,0,0,1,1,1,1,0,1,0
gradio-port-7860-survey-2026-05.md,1,0,1,1,1,1,0,1,1,1,0,0,1,0,1,0,0,0,0,0,0,0,1,0,1,0,1,1,0,1,0,1,0,1,0,1,0
helicone-deep-dive-survey-2026-05-10.md,1,0,1,1,1,1,1,0,1,0,0,0,0,0,1,0,0,0,0,0,1,0,0,0,1,0,1,1,0,0,0,1,0,1,0,1,0
helicone-llm-observability-survey-2026-05-10.md,0,1,1,1,1,1,0,1,1,1,0,0,1,0,0,0,0,1,0,0,0,0,0,0,1,0,1,1,0,1,0,1,0,0,0,1,1
hetzner-65-108-litellm-runpod-2026-05-06.md,1,0,1,1,1,1,1,1,1,1,0,0,1,0,1,0,1,1,0,0,0,0,0,0,1,0,1,1,0,1,1,1,0,1,0,1,1
image-generation-population-survey-2026-05-16.md,1,0,1,1,1,1,1,1,1,1,0,0,1,0,1,0,0,1,0,0,0,0,1,0,1,0,1,1,0,1,1,1,1,1,0,1,0
index.md,1,1,1,1,1,1,1,1,1,1,0,0,1,0,1,0,0,1,0,0,1,0,1,1,1,1,1,1,0,1,1,1,0,1,0,1,0
jetson-tensorrt-edge-survey-2026-05-18.md,0,0,1,1,1,1,0,1,1,1,0,0,1,0,1,0,0,0,0,0,1,1,0,1,1,0,1,1,0,0,1,1,1,1,1,1,1
jupyter-survey-2026-05.md,0,0,1,1,1,1,0,1,1,0,0,0,0,0,1,0,0,0,0,0,1,0,0,1,1,0,1,1,0,0,0,1,0,1,0,1,0
kubecost-opencost-finops-cost-api-survey-2026-05-28.md,0,0,1,1,1,1,1,1,1,1,0,0,0,0,1,0,0,1,0,0,1,0,0,1,1,0,1,1,0,0,1,1,1,1,0,1,1
langfuse-cross-survey-2026-05-06.md,1,1,1,1,1,1,1,1,1,1,0,0,1,0,1,0,0,1,0,0,0,0,0,1,1,0,1,1,0,1,1,1,0,1,0,1,0
langfuse-deep-dive-survey-2026-05-10.md,1,1,1,0,1,1,1,1,1,0,0,0,1,0,1,0,0,0,0,0,1,0,0,1,1,0,1,1,0,0,0,1,0,1,0,1,1
langfuse-llm-observability-survey-2026-05-10.md,0,0,1,1,1,1,1,1,1,0,0,0,1,0,0,0,0,1,0,0,0,0,1,0,1,0,1,1,0,1,1,1,0,0,0,1,1
langfuse-population-survey-2026-06-06.md,0,0,1,0,1,1,0,1,1,1,0,0,1,0,0,0,0,0,0,0,1,0,0,1,1,0,1,0,0,1,1,1,1,1,0,1,1
langfuse-postgres-cert-pivot-2026-05-22.md,1,0,1,0,1,0,0,1,1,1,0,0,1,0,1,0,0,0,0,0,0,1,1,0,1,0,1,1,0,0,1,1,1,1,1,1,1
langgraph-deployment-gap-survey-2026-05-25.md,0,0,1,0,1,1,1,1,1,1,0,0,1,0,1,0,0,0,0,0,1,0,0,0,1,0,1,1,0,1,0,1,0,1,0,1,0
langgraph-financial-agent-1-15-66-80-2026-05-25.md,0,0,1,0,1,1,0,1,1,1,0,0,1,0,0,0,0,1,0,0,0,0,0,0,1,0,1,1,0,1,0,1,1,0,0,1,0
langgraph-server-survey-2026-05-25.md,0,0,1,1,1,1,0,1,1,1,0,0,1,0,1,0,0,1,0,0,0,1,1,0,1,0,1,1,0,1,1,1,0,1,1,1,1
langgraph-studio-population-survey-2026-06-07.md,1,0,1,0,0,1,1,1,1,1,0,0,0,0,0,0,0,1,0,0,0,0,0,0,1,0,1,1,0,0,0,1,0,0,0,1,1
langsmith-deep-dive-survey-2026-05-10.md,1,0,1,1,1,1,1,1,1,1,0,0,0,0,1,0,0,1,0,0,1,0,0,1,1,0,1,1,0,0,1,1,0,1,0,1,1
langsmith-llm-observability-survey-2026-05-10.md,0,0,1,1,1,1,0,1,1,1,0,0,1,0,0,0,0,1,0,0,0,0,0,0,1,0,1,1,0,0,0,1,0,0,0,1,1
librechat-deep-dive-verification-2026-06-06.md,1,1,1,0,1,1,0,1,1,1,0,0,1,0,0,0,0,1,0,0,0,0,0,0,1,0,0,1,0,1,0,1,1,1,0,1,1
librechat-population-survey-2026-06-06.md,1,1,1,0,1,1,0,1,1,1,0,0,1,0,0,0,0,0,0,0,1,0,0,1,1,0,1,1,0,1,0,1,0,0,0,1,1
litellm-gateway-survey-cat05-2026-06-06.md,0,1,1,1,1,1,0,1,1,1,0,0,0,0,1,0,0,1,0,0,1,0,1,1,1,0,1,1,0,0,1,1,0,1,0,1,1
llamacpp-population-survey-2026-05-15.md,0,0,1,0,1,1,0,1,1,1,0,0,1,0,1,0,0,1,0,0,0,0,0,0,1,0,1,1,0,1,1,1,0,1,0,1,1
llamaindex-chat-23-239-19-219-2026-05-15.md,0,0,1,1,1,1,1,1,1,1,0,0,1,0,1,0,0,1,0,0,1,1,1,0,1,0,1,1,0,1,1,0,0,1,1,1,1
llm-gateway-survey-2026-05-17.md,0,0,1,1,1,1,1,1,1,1,0,0,1,0,1,0,0,1,0,1,1,0,0,1,1,0,1,1,0,1,1,1,1,1,0,1,1
llm-gateways-cloud-survey-2026-05.md,0,0,1,1,1,1,1,1,1,0,0,0,1,0,1,0,0,1,0,0,1,0,1,0,1,0,0,1,0,0,0,1,0,1,0,1,1
llm-orchestration-niche-cat01-dogfood-2026-06-04.md,0,0,1,1,1,0,0,1,1,1,0,0,0,0,1,0,0,1,0,0,0,0,0,0,1,0,1,0,0,0,1,0,0,1,0,1,1
llm-orchestration-rerun-2026-05-19.md,1,1,1,1,1,1,1,1,1,1,0,1,1,0,1,1,0,0,0,0,0,1,1,0,1,1,1,1,0,1,1,1,1,1,1,1,1
lobechat-population-survey-2026-06-06.md,0,0,1,0,1,1,0,1,1,1,0,0,1,0,0,0,1,1,0,0,0,0,0,1,0,0,1,1,0,1,1,1,0,0,0,0,1
mcp-cloud-survey-2026-05.md,1,0,1,1,1,1,1,1,1,1,0,0,1,0,1,0,1,1,0,0,1,0,1,0,1,0,1,1,0,1,1,1,0,1,0,1,0
mcp-crewai-negative-results-2026-06-07.md,0,0,1,0,1,1,0,0,1,1,0,0,0,0,0,0,0,1,0,1,0,0,0,0,1,0,1,1,0,0,1,1,1,0,0,0,1
mcp-server-survey-2026-05-17.md,0,0,0,0,1,1,0,1,0,1,0,0,0,0,1,0,0,1,0,0,0,0,0,1,1,0,1,1,0,0,1,1,0,1,0,0,1
medical-edge-ai-survey-2026-05-15.md,0,1,1,1,1,1,0,1,1,1,0,0,1,0,1,0,0,1,0,0,0,1,1,0,1,0,1,1,0,1,1,1,1,1,1,1,1
mem0-cross-survey-2026-05.md,1,1,1,0,1,1,0,1,1,1,0,0,1,0,1,0,0,1,0,0,0,0,0,1,1,1,1,1,0,1,0,1,0,1,0,1,0
meow-multi-actor-campaign-scope-2026-05-17.md,0,0,1,0,1,0,0,1,1,1,0,0,1,0,1,0,0,0,0,0,0,0,0,0,0,0,1,0,0,1,0,1,0,1,0,0,0
meow-population-census-2026-05-17.md,0,0,1,0,1,0,0,0,1,1,0,0,1,0,1,0,0,1,0,0,0,0,0,0,1,1,1,0,0,0,0,1,0,0,0,1,0
mesh-and-orchestration-surveys-2026-05-19.md,0,0,1,1,1,1,0,1,1,1,0,1,0,0,0,1,0,1,0,0,1,0,0,1,1,1,1,1,0,0,1,1,1,0,0,1,1
mikrowizard-session-store-redis-88.99.102.30-2026-05-25.md,0,0,1,1,1,1,1,0,1,0,0,0,1,0,0,0,0,0,0,0,0,0,0,0,1,0,0,0,0,1,0,0,0,0,0,1,0
milvus-attu-survey-2026-05.md,0,0,1,0,1,1,0,1,1,0,0,0,1,0,1,0,0,1,0,0,0,0,0,0,1,0,0,0,0,1,0,1,0,1,0,1,0
milvus-cloud-survey-2026-05.md,1,1,1,1,1,1,1,1,1,1,0,0,1,0,0,0,0,1,0,0,1,0,0,1,1,0,1,1,0,1,0,1,1,0,0,1,0
milvus-tier2-cloud-survey-2026-05.md,1,0,1,0,1,1,1,1,1,0,0,0,1,0,1,0,0,0,0,0,0,0,0,0,1,0,0,1,0,1,1,1,0,1,0,1,0
minio-dify-cloud-survey-2026-05.md,0,0,1,1,1,1,0,1,1,1,0,1,1,0,1,0,0,0,0,0,0,0,0,0,1,0,1,1,0,0,0,1,1,1,0,1,1
ml-governance-data-catalog-survey-2026-05-27.md,0,0,1,1,1,1,0,1,1,1,0,0,0,1,1,0,0,1,1,0,0,1,1,0,1,0,0,1,1,0,1,0,0,1,1,1,1
ml-governance-survey-2026-05-29.md,1,0,1,1,1,1,1,1,1,1,0,0,1,0,1,0,0,1,0,0,1,0,0,1,1,0,1,1,0,1,0,0,0,1,0,1,1
mlflow-cloud-survey-2026-05.md,1,1,1,1,1,1,0,1,1,1,0,1,1,0,1,0,0,0,0,0,1,0,1,1,1,0,1,1,0,1,0,1,0,1,0,1,0
model-serving-management-survey-2026-05-29.md,1,0,1,1,1,1,1,1,1,1,0,0,0,0,1,0,0,1,0,1,0,0,0,0,1,0,1,1,0,0,0,0,0,1,0,1,1
model-serving-registry-survey-2026-05-28.md,1,0,1,1,1,1,0,1,1,1,0,1,0,0,1,1,0,1,0,0,1,1,0,1,1,1,1,1,0,0,1,1,1,1,1,1,1
multi-aipod-mlflow-cve-2026-05-06.md,0,0,1,1,1,1,1,1,1,1,0,1,1,0,1,0,0,0,0,0,0,0,0,1,1,0,1,1,0,1,0,1,0,1,0,1,1
multi-auto-fi-sales-training.md,1,1,1,0,1,1,1,1,1,0,0,0,1,0,0,0,0,1,0,0,0,0,0,1,1,0,0,1,0,1,0,1,0,0,0,1,0
multi-cross-survey-stacked-catastrophe-2026-05-16.md,0,1,1,0,1,1,0,1,1,1,0,0,1,0,1,0,0,1,0,0,0,0,0,1,1,0,0,1,0,1,0,1,0,1,0,1,0
multi-crypto-agent-user-memory.md,1,1,1,0,1,0,0,1,1,0,0,0,1,0,0,0,1,1,0,0,0,0,0,0,1,0,0,1,0,1,0,0,0,0,0,1,0
multi-hilix-jupyter-campaign-2026-05-06.md,1,1,1,1,1,1,1,1,1,1,0,0,1,1,0,0,1,0,0,0,0,0,0,0,1,0,1,1,0,0,1,1,0,0,0,1,0
multi-holamoda-multitenant.md,0,1,1,0,1,1,1,1,1,0,0,0,1,0,0,0,0,1,0,0,0,0,0,0,1,0,0,1,0,1,0,0,0,0,0,1,0
multi-jupyterhub-edu-survey-2026-05-07.md,0,0,1,1,1,1,1,1,1,1,0,0,0,0,1,0,0,0,0,0,1,0,0,0,1,0,1,1,0,0,1,1,1,0,0,1,0
multi-legal-compliance-investigation.md,1,1,1,0,1,1,1,0,1,0,0,0,1,0,0,0,0,0,0,0,1,0,0,0,1,0,0,1,0,1,0,1,0,0,0,1,0
multi-pediatric-mlflow-metabase-setup-2026-05-06.md,0,1,1,1,1,1,1,1,1,1,0,1,1,0,0,0,0,0,0,0,0,0,0,0,1,0,1,1,0,1,1,1,0,0,0,1,1
multi-personal-diary-corpus.md,1,1,1,0,1,1,0,1,1,0,0,0,1,0,0,0,0,1,0,0,0,0,0,1,1,0,0,1,0,1,0,1,0,0,0,1,0
multi-pingu-trading-ai.md,0,0,1,1,1,1,0,0,1,1,0,0,0,0,0,0,0,0,0,0,1,0,0,0,1,1,1,0,0,0,0,0,0,0,0,1,0
multi-squeeze-helios-trading-2026-05-06.md,0,1,1,1,1,1,1,1,1,1,0,1,1,0,1,0,0,1,0,0,0,0,1,0,1,0,1,1,0,1,1,1,0,1,0,1,1
multi-triton-chat-safety-2026-05-06.md,0,0,1,1,1,1,0,1,1,1,0,0,1,0,1,0,0,0,0,0,1,0,0,1,1,0,1,1,0,0,1,1,1,1,0,1,1
multi-tweet-optimize-facial-recognition.md,1,1,1,0,1,1,1,1,1,1,0,0,1,0,0,0,1,1,0,0,1,0,0,1,1,0,1,1,0,1,0,1,1,0,0,1,1
n8n-cloud-survey-2026-05.md,1,0,1,1,1,1,0,1,1,0,0,0,1,0,1,0,0,1,0,1,0,0,0,0,1,0,0,1,0,0,0,1,0,1,0,1,1
n8n-legacy-rest-unauth-38-102-86-8-2026-05-25.md,0,0,1,0,1,0,0,1,1,0,0,0,0,0,0,0,0,1,0,0,0,0,0,0,1,0,0,1,0,0,0,0,0,0,0,1,0
n8n-redis-redisinsight-192.169.81.2-2026-05-26.md,1,0,1,0,1,1,0,1,1,1,0,0,1,0,0,0,0,0,0,0,1,0,0,0,1,0,0,1,0,1,0,0,0,0,0,1,0
nats-jetstream-paramwallet-ledger-2026-05-09.md,0,0,1,1,1,0,1,1,1,1,0,0,1,0,0,0,0,0,0,0,1,0,0,0,1,0,1,1,0,0,0,1,0,0,0,1,1
neo4j-elasticsearch-supabase-redis-survey-2026-05.md,1,0,1,0,1,1,0,1,1,0,0,0,0,0,1,0,1,1,0,0,1,0,0,0,1,0,0,1,0,0,0,1,0,1,0,1,0
nexthello-crewai-whatsapp-unauth-132-145-158-151-2026-05-25.md,0,1,1,0,1,0,1,1,1,1,0,0,1,0,0,0,0,0,0,0,0,0,0,0,1,0,1,1,0,1,0,0,0,0,0,1,0
observability-cloud-survey-2026-05.md,1,0,1,1,1,1,1,1,1,0,0,0,1,0,1,0,0,0,0,0,0,0,0,1,1,0,0,1,0,1,1,1,0,1,0,1,0
observability-tier-small-platforms-survey-2026-05-10.md,0,0,1,1,1,1,0,1,1,0,0,0,1,0,1,0,0,1,0,0,0,0,0,1,1,0,1,1,0,1,0,1,0,1,0,1,0
ollama-cloud-survey-2026-05.md,1,0,1,1,1,1,1,1,1,1,0,1,1,0,1,0,0,0,0,0,0,0,1,0,1,0,1,1,0,1,0,1,0,1,0,1,0
ollama-population-survey-2026-05-15.md,1,0,1,1,1,1,1,1,1,1,0,1,1,1,1,0,0,0,0,0,1,1,1,0,1,0,1,1,0,1,0,1,1,1,1,1,1
ollama-tier2-cloud-survey-2026-05.md,0,0,1,1,1,1,0,1,1,1,0,0,1,0,1,0,0,0,0,0,0,0,1,1,1,0,0,1,0,0,1,1,1,1,0,1,0
openhands-code-assistant-survey-cat09-2026-05-26.md,0,0,1,0,1,1,1,1,1,1,0,0,1,0,1,0,1,0,0,0,0,0,0,0,1,0,1,1,0,0,1,0,0,0,0,1,1
openhands-population-survey-2026-06-07.md,0,0,1,1,1,1,1,1,1,1,0,0,1,0,0,0,0,0,0,0,0,0,0,0,1,0,1,1,0,1,0,1,1,1,0,1,1
openwebui-cloud-survey-2026-05.md,1,0,1,1,1,1,0,1,1,1,0,0,0,0,1,0,0,1,0,0,1,0,0,0,1,0,1,1,0,0,0,1,1,1,0,1,0
openwebui-population-survey-2026-06-06-calibration-deltas.md,1,0,1,0,1,0,0,1,1,1,0,0,1,0,0,0,0,0,0,0,0,0,0,0,0,0,1,0,0,0,0,1,0,0,0,1,1
openwebui-population-survey-2026-06-06.md,0,0,1,0,1,1,0,1,1,1,0,0,0,0,0,0,0,1,0,0,0,0,0,0,0,0,1,1,0,0,0,1,0,1,0,0,1
pantaflow-live-transcription-2026-05-22.md,0,0,1,0,1,1,1,1,1,1,0,0,0,0,1,0,0,1,0,0,0,1,0,0,1,0,1,1,0,0,0,0,0,1,1,1,0
phoenix-llm-observability-survey-2026-05-10.md,0,1,1,1,1,1,1,1,1,1,0,0,1,0,1,0,0,1,0,1,1,0,1,1,1,0,1,1,0,1,0,1,1,1,0,1,1
phoenix-population-survey-2026-06-06.md,0,1,1,0,1,1,1,1,1,1,0,0,1,0,0,0,0,0,0,0,1,0,0,1,1,0,1,1,0,1,1,1,0,1,0,1,1
prefect-dask-clearml-cat04-stragglers-2026-05-26.md,0,0,1,0,1,1,0,1,1,1,0,1,0,1,1,0,0,1,1,0,0,1,1,1,1,0,1,1,1,0,1,1,0,1,0,1,1
promptlayer-marker-build-2026-05-22.md,1,0,1,1,1,1,1,1,1,1,0,0,0,0,1,0,0,1,0,1,1,1,0,1,1,0,1,1,0,0,1,1,0,1,1,1,1
qdrant-cloud-survey-2026-05.md,0,1,1,1,1,0,1,1,1,1,0,0,1,0,1,0,0,0,0,0,1,0,0,1,1,1,0,1,0,1,0,1,0,1,0,1,0
qdrant-tier2-cloud-survey-2026-05.md,0,0,1,0,1,1,1,1,1,0,0,0,1,0,1,0,0,1,0,0,0,0,1,0,1,0,0,1,0,1,1,1,0,1,0,1,1
questdb-meilisearch-pocketbase-survey-2026-05-09.md,0,0,1,0,1,1,1,0,1,1,0,0,1,0,1,0,0,1,0,0,0,0,0,0,1,0,1,1,0,1,0,0,0,1,0,1,1
rag-framework-cloud-survey-2026-05.md,1,1,1,1,1,1,0,1,1,1,0,0,1,0,1,0,0,0,0,0,1,0,1,1,1,0,0,1,0,1,1,1,0,1,0,1,0
rag-frameworks-population-survey-2026-05-15.md,1,0,1,0,1,1,1,1,1,1,0,0,1,0,1,0,0,0,0,0,1,0,1,1,1,0,1,1,0,1,1,1,0,1,0,1,1
rag-frameworks-survey-cat07-2026-05-31.md,0,0,1,1,1,1,0,1,1,1,0,0,0,1,1,0,0,0,1,0,0,1,0,0,1,0,1,1,1,0,1,1,0,1,1,1,1
rag-stragglers-survey-2026-05-28.md,0,0,1,1,1,1,0,1,1,1,0,0,1,0,1,0,0,1,0,0,0,1,0,1,1,0,1,1,0,1,1,1,1,0,1,1,1
rag-stragglers-survey-2026-05-29.md,0,0,1,1,1,1,1,1,1,1,0,0,0,0,1,0,0,1,0,1,0,0,0,0,1,0,1,1,0,0,0,0,0,1,0,1,1
ragflow-population-survey-2026-06-06.md,1,0,1,1,1,1,1,1,1,1,0,0,1,0,0,0,0,0,0,0,0,0,0,1,1,0,1,1,0,1,1,1,0,1,0,1,1
redis-stack-redisinsight-population-survey-2026-05-25.md,0,0,1,0,1,1,0,1,1,1,0,0,1,0,1,0,1,0,0,0,0,1,0,0,1,0,1,1,0,1,0,1,0,1,1,1,0
ros-robotics-population-survey-2026-05-16.md,1,0,1,0,1,1,1,0,1,1,0,0,0,0,1,0,0,0,0,0,0,0,0,0,1,0,1,1,0,0,1,1,0,1,0,1,1
safety-guardrail-population-survey-2026-05-19.md,0,1,1,1,1,1,1,1,1,1,0,0,1,0,1,0,0,1,0,1,1,0,0,0,1,0,1,1,0,0,1,1,1,1,0,1,1
safety-guardrail-survey-2026-05-28.md,0,0,1,1,1,1,1,1,1,1,0,1,0,0,1,1,0,0,0,0,1,1,0,0,1,1,1,1,0,0,1,1,0,1,1,1,1
safety-guardrail-survey-2026-05-29.md,0,0,1,0,1,1,1,1,1,1,0,0,0,0,1,0,0,0,0,0,0,1,0,0,1,0,1,1,0,0,1,0,0,1,1,1,1
sanio-ai-collision-agentOS-2026-05-28.md,1,0,1,0,1,1,0,1,1,1,0,0,0,0,0,0,0,0,0,0,0,0,0,1,1,0,1,1,0,1,0,1,0,0,0,1,1
sergogram-flowise-weaviate-unauth-37-60-255-27-2026-05-25.md,0,0,1,1,1,1,1,1,1,0,0,0,1,0,0,0,0,1,0,0,1,0,0,0,1,0,0,1,0,1,0,1,1,0,0,1,0
service-mesh-survey-2026-05-31.md,0,0,1,1,1,1,1,1,1,1,0,0,0,0,1,0,0,1,0,0,0,1,0,0,1,0,1,1,0,0,1,1,1,1,1,1,1
simon-movilidad-redis-stack-fleet-pii-190.217.28.217-2026-05-25.md,0,0,1,0,1,1,0,1,1,0,0,0,1,0,0,0,0,0,0,0,1,0,0,0,1,0,0,1,0,1,0,1,1,0,0,1,1
sluice-ai-email-guardrails-2026-06-06.md,1,0,1,1,1,1,1,1,1,1,0,0,1,0,1,0,0,0,0,0,1,0,0,1,1,0,1,1,0,1,0,1,1,1,0,1,0
sluice-hygiene-advisory-DRAFT-2026-06-06.md,1,0,1,1,1,0,1,1,1,0,0,0,1,0,0,0,0,0,0,0,0,0,0,0,1,0,0,0,0,0,0,1,1,0,0,1,0
smartshop-ai-pentech-disclosure-2026-05-13.md,0,1,1,1,1,1,1,1,1,1,0,1,1,0,1,0,0,1,0,0,1,0,0,1,1,0,1,1,0,0,0,1,1,0,0,1,0
snapecabs-scylladb-34.131.90.52-2026-05-28.md,0,0,1,0,1,1,1,1,1,1,0,0,1,0,1,0,0,1,0,0,1,1,0,0,1,0,1,0,0,1,0,0,0,0,1,1,1
specialty-data-layers-survey-2026-05-28.md,0,0,1,1,1,1,1,1,1,1,0,0,1,0,1,0,0,1,0,0,1,1,0,0,1,0,1,1,0,1,0,1,0,1,1,1,1
specialty-data-layers-survey-2026-05-29.md,0,0,1,0,1,1,1,1,1,1,0,0,0,0,1,0,0,0,0,0,0,0,0,1,1,0,1,1,0,0,0,1,1,1,0,1,1
speech-audio-cloud-survey-2026-05.md,1,0,1,1,1,1,0,1,1,1,0,0,1,0,1,0,0,0,0,0,0,0,1,0,1,0,0,1,0,0,1,1,0,1,0,1,0
stock-ai-emor-ai-langgraph-2026-05-25.md,0,0,1,0,1,0,0,1,1,1,0,0,1,0,0,0,0,1,0,0,1,0,0,0,1,0,0,1,0,0,0,0,0,0,0,1,0
stock-ai-emor-partial-auth-20.193.252.230-2026-05-25.md,0,0,1,0,1,1,0,1,1,1,0,0,1,0,0,0,0,1,0,0,1,0,0,0,1,0,1,1,0,0,0,0,0,0,0,1,1
stock-ai-emor-partial-auth-2026-05-25.md,0,0,1,0,1,0,0,1,0,1,0,0,1,0,0,0,0,1,0,0,1,0,0,0,0,0,0,1,0,0,0,0,0,0,0,0,0
streamlit-cloud-survey-2026-05.md,1,0,1,1,1,1,1,1,1,1,0,1,1,0,1,0,1,0,0,0,1,0,1,1,1,0,1,1,0,1,0,1,0,1,0,1,0
sub2api-population-2026-05-19.md,0,0,1,1,1,1,0,1,1,1,0,0,1,0,1,0,0,1,0,0,0,1,0,1,1,0,1,1,0,1,1,1,1,1,1,1,1
surrealdb-typesense-lancedb-survey-2026-05.md,0,0,1,0,1,1,1,1,1,0,0,0,0,0,0,0,0,0,0,0,0,0,0,0,1,0,0,1,0,0,0,1,0,0,0,1,0
synthesis-2026-06-07-auth-on-default-cohort.md,0,1,1,1,1,1,1,1,1,1,0,0,1,0,0,0,1,1,0,0,1,0,0,1,1,0,1,1,0,1,0,1,1,1,0,1,1
tegrity-mhcampus-selfreg-2026-05-18.md,0,0,1,1,1,1,1,1,1,1,0,0,0,0,1,0,0,0,0,0,1,1,1,0,1,0,1,1,0,0,1,1,1,1,1,1,1
training-observability-survey-2026-05-17.md,0,0,1,0,1,1,0,1,1,1,0,0,0,1,1,0,0,0,1,0,0,1,0,1,1,0,0,1,1,0,0,1,0,1,0,1,0
triton-cloud-survey-2026-05.md,0,0,1,1,1,1,1,1,1,1,0,1,0,0,1,0,0,1,0,0,0,0,0,1,1,0,1,1,0,1,0,1,1,1,0,1,1
vantage-coach-healthcare-langgraph-2026-05-25.md,0,1,1,0,1,1,0,0,1,1,0,0,1,0,0,0,0,0,0,0,1,0,0,0,1,0,0,1,0,1,0,1,0,0,0,1,0
vantage-coach-pharma-crm-2026-05-25.md,0,0,1,0,1,1,0,1,0,0,0,0,1,0,0,0,0,1,0,0,1,0,0,0,1,0,0,1,0,0,0,0,0,0,0,0,0
vantage-coach-pharma-crm-voice-2026-05-25.md,0,0,1,0,1,0,0,0,1,1,0,0,1,0,0,0,0,1,0,0,1,0,0,0,1,0,0,1,0,0,0,0,0,0,0,1,1
vault-population-survey-2026-05-15.md,0,0,1,1,1,1,1,1,1,1,0,0,1,0,1,0,0,1,0,0,0,0,0,0,1,0,1,1,0,1,1,1,1,1,0,1,0
vectordb-stragglers-population-survey-2026-05-16.md,1,0,1,1,1,0,1,1,1,1,0,0,1,0,0,0,0,0,0,0,0,1,0,0,1,0,1,1,0,1,1,1,1,1,1,1,0
vectordb-survey-2026-05-17.md,0,1,1,0,1,1,1,1,1,1,0,0,1,0,1,0,0,0,0,0,1,0,0,1,1,0,1,1,0,1,1,1,1,1,0,1,0
velutina-service-ch-unauth-ml-training-server-2026-06-01.md,0,0,1,1,1,1,1,1,1,1,0,0,1,0,1,0,0,1,0,0,1,1,0,1,1,0,1,1,0,0,1,0,0,1,1,1,1
vendor-ollama-launch-claude-desktop-2026-05-07.md,1,0,1,1,1,1,0,1,0,1,0,0,0,0,0,0,0,0,0,0,0,0,1,1,0,0,1,1,0,1,0,1,1,0,0,1,1
vendor-template-adjacent-sweep-2026-05-07.md,0,0,1,1,1,1,1,0,1,1,0,0,0,0,1,0,0,0,0,0,0,0,0,0,1,0,1,1,0,0,1,1,0,1,0,1,0
vendor-template-default-no-auth-research-instruments.md,0,1,1,1,1,1,1,1,1,1,0,0,0,0,1,0,1,0,0,0,0,0,0,0,1,0,1,1,0,0,1,1,0,1,0,1,0
vietnamese-chatbot-crm-redis-stack-125.212.227.37-2026-05-26.md,0,0,1,0,1,0,0,1,1,0,0,0,1,0,0,0,0,1,0,0,0,0,0,0,1,0,0,0,0,1,0,0,0,0,0,0,0
visorbishop-iter1-survey-2026-05-11.md,0,1,1,0,1,1,0,1,1,1,0,0,1,0,1,0,0,0,0,0,0,0,0,0,1,0,1,1,0,0,1,1,0,1,0,1,1
visorbishop-iter2-survey-2026-05-11.md,1,0,1,1,1,1,0,0,1,1,0,0,0,0,0,0,0,0,0,0,0,0,0,0,1,0,1,1,0,0,1,1,0,0,0,1,0
visorbishop-iter3-survey-2026-05-11.md,0,0,1,0,1,1,0,1,1,1,0,0,0,0,0,0,0,1,0,0,0,0,0,0,1,0,1,1,0,0,0,1,0,0,0,1,0
visorbishop-iter4-survey-2026-05-11.md,0,0,1,1,1,1,0,1,1,1,0,0,0,0,1,0,0,0,0,0,1,0,0,0,1,0,1,1,0,0,1,1,0,1,0,1,1
visorbishop-iter5-survey-2026-05-11.md,0,0,1,0,1,1,0,1,1,1,0,0,0,0,1,0,0,0,0,0,0,0,0,1,1,0,1,1,0,0,1,1,1,1,0,1,0
visorbishop-iter6-survey-2026-05-11.md,0,0,1,0,1,1,1,1,1,1,0,0,1,0,1,0,0,0,0,0,0,0,0,0,1,0,1,1,0,1,0,1,0,1,0,1,0
visorbishop-iter7-survey-2026-05-11.md,1,0,1,1,1,1,0,1,1,1,0,0,0,1,1,0,0,0,1,0,0,1,0,1,1,0,1,1,1,0,1,1,1,1,0,1,1
visorbishop-iter8-survey-2026-05-11.md,0,0,1,0,1,1,0,1,1,1,0,0,0,0,0,0,0,1,0,0,0,0,0,1,1,0,1,1,0,0,0,1,0,0,0,1,0
visorbishop-phase3-survey-2026-05-11.md,0,0,1,0,1,1,1,0,1,1,0,0,0,0,1,0,0,0,0,0,0,0,0,0,1,0,1,0,0,0,0,1,0,1,0,1,1
visorbishop-phase5-primitives-2026-05-11.md,1,0,1,1,1,1,1,1,1,1,0,0,1,0,0,0,0,0,0,0,0,0,0,1,1,0,1,1,0,0,0,1,1,0,0,1,0
visorbishop-phase5b-bucket-accessibility-2026-05-13.md,1,0,1,0,0,1,1,1,1,1,0,0,0,0,0,0,0,1,0,0,0,0,0,0,1,0,1,1,0,0,0,1,0,0,0,1,0
visorbishop-phase5b-public-survey-2026-05-13.md,0,0,1,0,0,1,1,1,1,0,0,0,0,0,0,0,0,1,0,0,0,0,0,0,1,0,1,0,0,0,0,1,0,0,0,1,0
vllm-cloud-survey-2026-05.md,0,0,1,1,1,1,0,1,1,1,0,0,0,0,1,0,0,1,0,0,1,0,0,1,1,0,1,1,0,0,0,1,0,1,0,1,0
voice-agents-population-survey-2026-05-15.md,0,0,1,0,1,1,1,1,1,1,0,0,0,0,0,0,0,1,0,0,0,0,1,0,1,0,1,1,0,0,1,1,0,1,0,1,0
voice-audio-ai-rerun-2026-05-29.md,0,0,1,1,1,1,1,1,1,1,0,0,1,0,1,0,0,1,0,1,0,1,0,0,1,0,1,1,0,1,1,1,1,1,1,1,1
voice-audio-ai-survey-2026-05-28.md,1,0,1,1,1,1,1,1,1,1,0,0,1,0,1,0,0,1,0,0,0,1,1,0,1,0,1,1,0,1,1,0,0,1,1,1,1
voice-cloning-population-survey-2026-05-15.md,0,0,1,1,1,1,0,1,1,1,0,0,1,0,1,0,0,1,0,1,0,0,0,0,1,0,1,1,0,1,1,1,0,1,0,1,0
weaviate-cloud-survey-2026-05.md,0,1,1,0,1,1,1,1,1,0,0,0,1,0,0,0,0,0,0,0,1,0,0,0,1,0,0,1,0,0,0,1,0,0,0,1,0
whisper-asr-population-survey-2026-05-15.md,1,0,1,0,1,1,0,1,1,1,0,0,1,0,1,0,0,0,0,0,0,0,1,0,1,0,1,1,0,1,1,1,0,1,0,1,0
wuji-sleep-doctor-health-data-2026-05-25.md,0,1,1,0,1,1,0,1,1,0,0,0,1,0,0,0,0,1,0,0,0,0,0,0,0,0,1,1,0,0,0,1,0,0,0,0,0
wuji-sleep-doctor-health-data-82.156.182.216-2026-05-25.md,0,1,1,0,1,1,0,1,1,1,0,0,1,0,0,0,0,1,0,0,0,0,0,0,1,0,1,1,0,1,0,1,0,0,0,0,0
wuji-sleep-doctor-langgraph-2026-05-25.md,0,1,1,1,1,0,0,1,1,0,0,0,1,0,0,0,0,1,0,0,0,0,0,0,0,0,1,1,0,1,0,1,0,0,0,0,0
zep-ce-empty-apisecret-finding-2026-05-29.md,0,0,1,1,0,1,1,0,0,0,0,0,1,0,0,0,0,0,0,0,0,0,0,0,1,0,0,1,0,1,0,0,0,1,0,0,1
