ip,host_class,platform,site_name,registration_enabled,payment_enabled,api_base_url,oidc_oauth_provider_name,openapi_title,openapi_version,openapi_route_count,models_count,open_ports_aimap,titles,payment_gateways,oauth_enabled_flags,sensitive_hits,elapsed_s
103.127.242.52,E_auth_gate_everywhere,unknown,,,,,,,,0,0,,,,,,0.24
107.173.182.231,D_private_closed_pool,Sub2API,Sub2API,False,False,,OIDC,,,0,0,,404 Not Found;Sub2API - AI API Gateway,wechat,,,5.24
104.199.226.242,unknown,unknown,,,,,,,,0,0,,,,,,5.7
104.194.68.91,D_private_closed_pool,Sub2API,Sub2API,False,False,,OIDC,,,0,0,,Welcome to nginx!;Sub2API - AI API Gateway,wechat,,,5.92
103.79.76.39,A_open_registration,Sub2API,Sub2API,True,False,,OIDC,,,0,0,,404 Not Found;Sub2API - AI API Gateway,wechat,,,7.02
104.168.94.31,D_private_closed_pool,Sub2API,Sub2API,False,False,,OIDC,,,0,0,8080,Sub2API - AI API Gateway,wechat,,,9.58
107.173.255.61,D_private_closed_pool,Sub2API,Sub2API,False,False,,OIDC,,,0,0,8080,Sub2API - AI API Gateway,wechat,,,9.57
107.174.55.86,D_private_closed_pool,Sub2API,BongRee专用,False,False,,OIDC,,,0,0,,Bongree Quick Home;Invalid URL;BongRee专用 - AI API Gateway,wechat,,,6.37
104.194.84.215,D_private_closed_pool,Sub2API,Sub2API,False,False,,OIDC,,,0,0,80,Sub2API - AI API Gateway,wechat,,,12.52
107.175.206.161,D_private_closed_pool,Sub2API,Sub2API,False,False,,OIDC,,,0,0,,301 Moved Permanently;New API;Sub2API - AI API Gateway,wechat,,,6.31
103.127.240.74,D_private_closed_pool,Sub2API,Sub2API,False,False,,OIDC,,,0,0,,404 Not Found;Sub2API - AI API Gateway,wechat,,,14.6
107.175.85.196,D_private_closed_pool,Sub2API,Sub2API,False,False,,OIDC,,,0,0,,Sub2API - AI API Gateway,wechat,,,6.41
103.127.240.90,D_private_closed_pool,Sub2API,Sub2API,False,False,,OIDC,,,0,0,,404 Not Found;Sub2API - AI API Gateway,wechat,,,16.89
103.127.240.94,D_private_closed_pool,Sub2API,Sub2API,False,False,,OIDC,,,0,0,,404 Not Found;Sub2API - AI API Gateway,wechat,,,17.66
103.127.240.65,D_private_closed_pool,Sub2API,Sub2API,False,False,,OIDC,,,0,0,,404 Not Found;Sub2API - AI API Gateway,wechat,,,18.24
101.33.74.248,D_private_closed_pool,Sub2API,Sub2API,False,False,,OIDC,,,0,0,,404 Not Found;Sub2API - AI API Gateway,wechat,,,18.99
103.232.92.203,D_private_closed_pool,Sub2API,Sub2API,False,False,,OIDC,,,0,0,"80,443",301 Moved Permanently;Sub2API - AI API Gateway,wechat,,,19.39
108.171.195.153,unknown,unknown,,,,,,,,0,0,,400 The plain HTTP request was sent to HTTPS port;VINI PLAY,,,,7.47
107.175.218.245,D_private_closed_pool,Sub2API,Sub2API,False,False,,OIDC,,,0,0,,Sub2API - AI API Gateway,wechat,,,11.48
107.174.178.71,D_private_closed_pool,Sub2API,Sub2API,False,False,,OIDC,,,0,0,"80,8080",Unavailable;Sub2API - AI API Gateway;CLI Proxy API Management Center,wechat,,,15.9
103.74.192.46,D_private_closed_pool,Sub2API,Sub2API,False,False,,OIDC,,,0,0,8080,Sub2API - AI API Gateway,wechat,,,21.18
117.55.234.112,D_private_closed_pool,Sub2API,Sub2API,False,False,,OIDC,,,0,0,,小橘书;Sub2API - AI API Gateway,wechat,,,4.54
103.79.186.210,D_private_closed_pool,Sub2API,Sub2API,False,False,,OIDC,,,0,0,,Sub2API - AI API Gateway,wechat,,,24.24
103.232.94.80,A_open_registration,Sub2API,Sub2API,True,False,,OIDC,,,0,0,,"Sorry, the website has been stopped;Sub2API - AI API Gateway",wechat,,,24.34
101.47.15.194,D_private_closed_pool,Sub2API,Sub2API,False,False,,OIDC,,,0,0,,Sub2API - AI API Gateway,wechat,,,24.43
104.168.112.243,D_private_closed_pool,Grok2API,,,,,,Grok2API,2.0.4.rc1,39,0,,404 Not Found,,,,25.21
108.171.193.246,D_private_closed_pool,Sub2API,Sub2API,False,False,,OIDC,,,0,0,"80,8080",Welcome to nginx!;Sub2API - AI API Gateway,wechat,,,12.93
113.20.7.248,D_private_closed_pool,Sub2API,Sub2API,False,False,,OIDC,,,0,0,,301 Moved Permanently;Sub2API - AI API Gateway,wechat,,,7.73
124.156.197.143,E_auth_gate_everywhere,unknown,,,,,,,,0,0,,,,,,5.03
103.85.27.67,D_private_closed_pool,Sub2API,Sub2API,False,False,,OIDC,,,0,0,,没有找到站点;Sub2API - AI API Gateway,wechat,,,26.41
104.168.83.222,D_private_closed_pool,Grok2API,,,,,,Grok2API,2.0.4.rc4,40,0,,404 Not Found,,,,27.48
117.55.232.250,D_private_closed_pool,Sub2API,Sub2API,False,False,https://api.0x8099.ccwu.cc,OIDC,,,0,0,,404 Not Found;Sub2API - AI API Gateway,wechat,,,8.7
112.213.121.202,E_auth_gate_everywhere,unknown,,,,,,,,0,0,,403 Forbidden,,,,13.41
107.174.245.83,D_private_closed_pool,Sub2API,Sub2API,False,False,,OIDC,,,0,0,"80,443",Sub2API - AI API Gateway,wechat,,,23.28
112.213.121.219,E_auth_gate_everywhere,unknown,,,,,,,,0,0,,403 Forbidden,,,,13.31
113.20.7.241,E_auth_gate_everywhere,unknown,,,,,,,,0,0,"80,443",,,,,14.57
129.159.243.237,D_private_closed_pool,Sub2API,Sub2API,False,False,,OIDC,,,0,0,,Sub2API - AI API Gateway,wechat,,,7.92
140.238.137.215,unknown,unknown,,,,,,,,0,0,,,,,,6.79
108.61.162.161,D_private_closed_pool,Sub2API,Sub2API,False,False,,OIDC,,,0,0,80,Sub2API - AI API Gateway,wechat,,,21.01
136.0.251.134,D_private_closed_pool,Sub2API,Sub2API,False,,,,,,0,0,8080,Sub2API - AI API Gateway,,,,9.68
142.91.105.209,D_private_closed_pool,Sub2API,Sub2API,False,,,,,,0,0,,New API;Sub2API - AI API Gateway,,,,7.53
147.182.242.148,D_private_closed_pool,Grok2API,,,,,,Grok2API,2.0.4.rc1,39,0,,,,,,2.21
144.34.225.239,D_private_closed_pool,Sub2API,Sub2API,False,False,,OIDC,,,0,0,,Sub2API - AI API Gateway,wechat,,,4.14
117.55.229.155,D_private_closed_pool,Sub2API,Sub2API,False,False,,OIDC,,,0,0,"80,443",301 Moved Permanently;Sub2API - AI API Gateway,wechat,,,19.4
144.24.24.194,D_private_closed_pool,Grok2API,,,,,,Grok2API,2.0.4.rc3,39,0,,301 Moved Permanently,,,,6.73
143.198.152.233,unknown,Sub2API,,,,,,,,0,0,,502 Bad Gateway;Zens-Sub2API - AI API Gateway,,,,11.06
140.82.23.63,D_private_closed_pool,Sub2API,Sub2API,False,False,,OIDC,,,0,0,8080,Sub2API - AI API Gateway,wechat,,,13.03
129.150.38.3,D_private_closed_pool,Sub2API,Sub2API,False,,,,,,0,0,,Redirecting...;Sub2API - AI API Gateway,,,,16.7
149.56.13.218,unknown,unknown,,,,,,,,0,0,,Default Site;Vite + Vue + TS,,,,3.62
149.88.90.62,D_private_closed_pool,Sub2API,Sub2API,False,False,,OIDC,,,0,0,,Sub2API - AI API Gateway,wechat,,,3.9
149.88.90.92,D_private_closed_pool,Sub2API,Sub2API,False,False,,OIDC,,,0,0,,Sub2API - AI API Gateway,wechat,,,3.87
144.34.232.112,D_private_closed_pool,Sub2API,Sub2API,False,False,,OIDC,,,0,0,8080,Sub2API - AI API Gateway,wechat,,,8.19
119.28.215.254,D_private_closed_pool,Sub2API,Sub2API,False,False,,OIDC,,,0,0,8080,Sub2API - AI API Gateway,wechat,,,21.78
150.136.160.62,unknown,unknown,,,,,,,,0,0,,Caddy works!;Redirecting...,,,,3.2
119.28.149.21,D_private_closed_pool,Sub2API,Sub2API,False,False,,OIDC,,,0,0,,Sub2API - AI API Gateway,,,,23.99
141.98.197.73,D_private_closed_pool,Sub2API,Sub2API,False,False,,OIDC,,,0,0,,"Sorry, the website has been stopped;301 Moved Permanently;Sub2API - AI API Gateway",wechat,,,17.18
150.242.90.113,D_private_closed_pool,Sub2API,Sub2API,False,False,,OIDC,,,0,0,,Default Site;Sub2API - AI API Gateway,wechat,,,4.69
129.146.220.67,D_private_closed_pool,Sub2API,Sub2API,False,False,,OIDC,,,0,0,"80,443",502 Bad Gateway;Sub2API - AI API Gateway,,,,22.02
148.113.221.41,D_private_closed_pool,Sub2API,Sub2API,False,False,,OIDC,,,0,0,,Sub2API - AI API Gateway,wechat,,,9.28
150.230.120.73,D_private_closed_pool,Sub2API,Sub2API,False,False,,OIDC,,,0,0,,Sub2API - AI API Gateway,wechat,,,6.51
137.175.121.65,unknown,QClaw,,,,,,,,0,0,"80,443",404 Not Found;QClaw Agent,,,,22.77
119.28.236.187,D_private_closed_pool,Sub2API,Sub2API,False,False,,OIDC,,,0,0,,Sub2API - AI API Gateway,wechat,,,28.0
150.136.100.122,D_private_closed_pool,Sub2API,Sub2API,False,False,,OIDC,,,0,0,,401 Authorization Required;Welcome to nginx!;Sub2API - AI API Gateway,,,,10.32
144.34.185.82,D_private_closed_pool,Grok2API,,,,,,Grok2API,2.0.4.rc4,40,3,443,,,,,18.63
15.204.55.226,D_private_closed_pool,Sub2API,Sub2API,False,False,,OIDC,,,0,0,,Welcome to nginx!;Sub2API - AI API Gateway,wechat,,,8.76
152.53.211.107,unknown,unknown,,,,,,,,0,0,,,,,,0
138.2.111.168,D_private_closed_pool,Grok2API,,,,,,Grok2API,2.0.4.rc4,40,0,,301 Moved Permanently;Access Temporarily Unavailable;Octopus,,,,26.61
152.53.81.249,D_private_closed_pool,Sub2API,Sub2API,False,False,,OIDC,,,0,0,,Sub2API - AI API Gateway,wechat,,,6.42
152.53.170.67,A_open_registration,Sub2API,Sub2API,True,False,,OIDC,,,0,0,,Sub2API - AI API Gateway,wechat,,,8.95
152.53.91.69,A_open_registration,Sub2API,Sub2API,True,False,https://subcn.231017.xyz,OIDC,,,0,0,8080,Sub2API - AI API Gateway,wechat,,,5.77
132.226.12.106,unknown,unknown,,,,,,,,0,0,,404 Not Found,,,,28.12
152.53.38.87,D_private_closed_pool,Sub2API,Sub2API,False,False,,OIDC,,,0,0,"3000,8080",Sub2API - AI API Gateway,wechat,,,8.28
15.204.105.58,D_private_closed_pool,Sub2API,Sub2API,False,False,,OIDC,,,0,0,,Site is created successfully!;Sub2API - AI API Gateway,wechat,,,12.63
150.242.90.28,A_open_registration,Sub2API,Sub2API,True,False,,OIDC,,,0,0,"443,8080",Sub2API - AI API Gateway,wechat,,,13.45
154.12.59.97,D_private_closed_pool,Sub2API,Sub2API,False,False,,OIDC,,,0,0,,研究札记 | Research Blog;Sub2API - AI API Gateway,wechat,,,3.71
154.26.191.66,D_private_closed_pool,Sub2API,Sub2API,False,False,,OIDC,,,0,0,,Sub2API - AI API Gateway,wechat,,,4.11
154.29.148.143,D_private_closed_pool,Sub2API,Sub2API,False,,,,,,0,0,,Claude Proxy 管理面板;Sub2API - AI API Gateway,,,,4.12
152.67.214.243,D_private_closed_pool,Sub2API,Sub2API,False,,,,,,0,0,,Sub2API - AI API Gateway,,,,11.07
154.201.79.190,D_private_closed_pool,Grok2API,,,,,,Grok2API,2.0.4.rc4,40,0,,404 Not Found;537 AI - 低价稳定的大模型API接口平台 | Claude Code中转,,,,6.49
154.12.41.128,D_private_closed_pool,Sub2API,Sub2API,False,False,https://api.yunjie.host/v1,OIDC,,,0,0,8080,Sub2API - AI API Gateway,wechat,,,8.5
147.79.20.153,D_private_closed_pool,Sub2API,Sub2API,False,False,,OIDC,,,0,0,,Sub2API - AI API Gateway,wechat,,,24.49
143.198.198.9,D_private_closed_pool,Sub2API,Sub2API,False,False,,OIDC,,,0,0,,Sub2API - AI API Gateway,wechat,,,31.02
152.32.231.112,D_private_closed_pool,Sub2API,Sub2API,False,False,,OIDC,,,0,0,,没有找到站点;Sub2API - AI API Gateway,wechat,,,18.61
154.12.35.167,D_private_closed_pool,Sub2API,Sub2API,False,False,,OIDC,,,0,0,,Welcome to nginx!;图床服务;Sub2API - AI API Gateway,wechat,,,10.58
129.226.195.8,D_private_closed_pool,Sub2API,Sub2API,False,False,https://api.1cfy.top,OIDC,,,0,0,,404 Not Found;Sub2API - AI API Gateway,wechat,,,37.18
154.37.153.161,D_private_closed_pool,Sub2API,Sub2API,False,False,,OIDC,,,0,0,,301 Moved Permanently;Sub2API - AI API Gateway,wechat,,,6.41
152.53.254.217,unknown,unknown,,,,,,,,0,0,"3000,8080",Gemini Prism;Canvass,,,,18.29
152.32.232.45,D_private_closed_pool,Sub2API,Sub2API,False,False,,OIDC,,,0,0,,301 Moved Permanently;QDII 估值;Sub2API - AI API Gateway,wechat,,,20.43
154.201.90.237,D_private_closed_pool,Sub2API,Sub2API,False,False,,OIDC,,,0,0,8080,Sub2API - AI API Gateway,wechat,,,13.15
154.217.250.22,D_private_closed_pool,Sub2API,Sub2API,False,False,,OIDC,,,0,0,80,Sub2API - AI API Gateway,wechat,,,13.68
158.69.244.4,D_private_closed_pool,Sub2API,Sub2API,False,False,,OIDC,,,0,0,,Sub2API - AI API Gateway;Lucky Warning,wechat,,,6.88
154.9.26.56,D_private_closed_pool,Sub2API,Sub2API,False,False,,OIDC,,,0,0,8080,Sub2API - AI API Gateway,wechat,,,8.41
155.138.147.157,D_private_closed_pool,Sub2API,Sub2API,False,,,,,,0,0,,301 Moved Permanently;Sub2API - AI API Gateway,,,,8.36
154.7.180.103,D_private_closed_pool,Sub2API,Sub2API,False,False,,OIDC,,,0,0,,Sub2API - AI API Gateway;401 Authorization Required,wechat,,,10.59
154.36.178.46,A_open_registration,Sub2API,Sub2API,True,False,https://www.cfgo.shop,OIDC,,,0,0,,404 Not Found;Sub2API - AI API Gateway,wechat,,,16.43
154.193.242.168,D_private_closed_pool,Grok2API,Sub2API,False,False,,OIDC,Grok2API,2.0.4.rc4,40,0,,没有找到站点;Sub2API - AI API Gateway,wechat,,,19.89
152.69.171.8,D_private_closed_pool,Sub2API,Sub2API,False,False,,OIDC,,,0,0,,Sub2API - AI API Gateway,wechat,,,24.11
160.202.47.250,D_private_closed_pool,Grok2API,,,,,,Grok2API,0.1.0,37,16,,,,,,10.69
167.114.156.20,D_private_closed_pool,Sub2API,Sub2API,False,False,,OIDC,Oxen SafeRun x402 Provider,0.1.0,3,0,,Welcome to nginx!;Sub2API - AI API Gateway,wechat,,,4.75
162.43.91.133,D_private_closed_pool,Grok2API,,,,,,Grok2API,2.0.4.rc4,40,0,,,,,,10.09
163.47.40.197,D_private_closed_pool,Sub2API,Sub2API,False,False,,OIDC,,,0,0,8080,Sub2API - AI API Gateway,wechat,,,8.72
154.12.179.166,D_private_closed_pool,Grok2API,,,,,,Grok2API,0.1.0,32,15,,400 Bad Request,,,,28.01
167.160.186.241,D_private_closed_pool,Sub2API,Sub2API,False,False,,OIDC,,,0,0,80,Sub2API - AI API Gateway,,,,7.37
154.36.158.217,D_private_closed_pool,Sub2API,Sub2API,False,False,,OIDC,,,0,0,,404 Not Found;Sub2API - AI API Gateway,wechat,,,25.78
154.58.233.90,D_private_closed_pool,Sub2API,Sub2API,False,False,,OIDC,,,0,0,8080,Sub2API - AI API Gateway,wechat,,,21.19
160.187.110.226,D_private_closed_pool,Sub2API,Sub2API,False,False,,OIDC,,,0,0,,302 Found;Sub2API - AI API Gateway,wechat,,,19.82
154.44.10.117,E_auth_gate_everywhere,unknown,,,,,,,,0,0,,301 Moved Permanently;重定向,,,,24.48
154.64.231.240,D_private_closed_pool,Sub2API,Sub2API,False,False,https://sub2api.us.xiaofantuan.cn,OIDC,,,0,0,,没有找到站点;Sub2API - AI API Gateway,wechat,,,24.06
165.154.198.22,D_private_closed_pool,Sub2API,Sub2API,False,False,,OIDC,,,0,0,,ChatGPT Web Share;404 Not Found;Sub2API - AI API Gateway,wechat,,,13.54
154.36.180.61,D_private_closed_pool,Sub2API,Sub2API,False,False,,OIDC,,,0,0,"80,8080",Apache2 Ubuntu Default Page: It works;Sub2API - AI API Gateway;AlphaPool — Pearl (PRL) 挖矿指南,wechat,,,29.36
159.65.136.59,A_open_registration,Sub2API,Sub2API,True,False,http://159.65.136.59,OIDC,,,0,0,,Sub2API - AI API Gateway,wechat,,,24.48
167.71.84.118,D_private_closed_pool,Sub2API,Sub2API,False,False,,OIDC,,,0,0,,Sub2API - AI API Gateway,,,,7.73
167.234.217.148,D_private_closed_pool,Sub2API,Sub2API,False,False,,OIDC,,,0,0,,Directory listing for /;Sub2API - AI API Gateway,wechat,,,12.72
154.37.218.91,A_open_registration,Sub2API,Sub2API,True,False,http://api.haomao.chat:8080,OIDC,,,0,0,,404 Not Found;Sub2API - AI API Gateway,wechat,,,30.03
161.33.71.63,D_private_closed_pool,Sub2API,Sub2API,False,False,https://api.holdzywoo.top/v1,OIDC,,,0,0,,Sub2API - AI API Gateway,wechat,,,24.3
167.179.90.172,D_private_closed_pool,Grok2API,Sub2API,False,False,,OIDC,Grok2API,2.0.4.rc4,40,0,,404 Not Found;Sub2API - AI API Gateway,wechat,,,15.97
165.154.133.152,D_private_closed_pool,Sub2API,Sub2API,False,False,,OIDC,,,0,0,,没有找到站点;Sub2API - AI API Gateway,wechat,,,19.54
163.47.43.206,D_private_closed_pool,Sub2API,Sub2API,False,False,,OIDC,,,0,0,"443,8080",Sub2API - AI API Gateway,,,,20.44
172.93.167.46,D_private_closed_pool,Sub2API,Sub2API,False,False,,OIDC,,,0,0,,301 Moved Permanently;Sub2API - AI API Gateway,wechat,,,5.66
167.253.156.153,D_private_closed_pool,Sub2API,Sub2API,False,False,,OIDC,,,0,0,,301 Moved Permanently;Sub2API - AI API Gateway,wechat,,,16.09
170.106.140.129,A_open_registration,Sub2API,Sub2API,True,False,,OIDC,,,0,0,,Sub2API - AI API Gateway,wechat,,,12.25
172.245.240.23,unknown,cousin,,,,,,,,0,0,"3000,8443",One API;403 Forbidden,,,,9.03
172.105.99.161,D_private_closed_pool,Sub2API,Sub2API,False,False,https://www.brainary.cn,OIDC,,,0,0,,Welcome to nginx!;Sub2API - AI API Gateway,wechat,,,9.59
173.254.211.200,D_private_closed_pool,Sub2API,Sub2API,False,False,,OIDC,,,0,0,,Sub2API - AI API Gateway,wechat,,,4.33
173.254.211.13,D_private_closed_pool,Sub2API,Sub2API,False,False,,OIDC,,,0,0,,Sub2API - AI API Gateway;403 Forbidden,wechat,,,4.66
167.71.221.110,D_private_closed_pool,Sub2API,Sub2API,False,False,,OIDC,Eggy ROS Relay,1.0.0,6,0,,404 Not Found;Eggy ROS 控制台;Sub2API - AI API Gateway,wechat,,,17.0
168.138.75.153,D_private_closed_pool,Sub2API,Sub2API,False,False,http://168.138.75.153:8080,OIDC,,,0,0,8080,Sub2API - AI API Gateway,,,,13.7
172.93.32.55,D_private_closed_pool,Sub2API,Sub2API,False,False,http://172.93.32.55:8080/,OIDC,,,0,0,,Invalid URL;Sub2API - AI API Gateway,wechat,,,7.24
162.251.93.71,D_private_closed_pool,Sub2API,Sub2API,False,False,,OIDC,,,0,0,,Sub2API - AI API Gateway,wechat,,,30.11
173.242.118.67,D_private_closed_pool,Sub2API,Sub2API,False,False,,OIDC,,,0,0,,Sub2API - AI API Gateway,wechat,,,8.57
172.239.129.103,D_private_closed_pool,Sub2API,Sub2API,False,False,,OIDC,,,0,0,"80,443",404 Not Found;Sub2API - AI API Gateway,wechat,,,15.38
176.9.31.71,D_private_closed_pool,Sub2API,Sub2API,False,False,,OIDC,,,0,0,,Sub2API - AI API Gateway,wechat,,,6.86
170.9.5.203,A_open_registration,Sub2API,Sub2API,True,False,,OIDC,,,0,0,"80,443",404 Not Found;Sub2API - AI API Gateway,wechat,,,16.43
172.86.126.126,D_private_closed_pool,Sub2API,Sub2API,False,False,,OIDC,,,0,0,"80,443",404 Not Found;Sub2API - AI API Gateway,wechat,,,15.21
178.104.42.172,unknown,unknown,,,,,,,,0,0,,301 Moved Permanently;302 Found,,,,8.06
173.249.207.201,D_private_closed_pool,Sub2API,Sub2API,False,False,,OIDC,,,0,0,,"Sorry, the website has been stopped;Sub2API - AI API Gateway",wechat,,,14.14
173.249.36.102,D_private_closed_pool,Sub2API,Sub2API,False,False,,OIDC,,,0,0,8080,Sub2API - AI API Gateway,wechat,,,13.67
167.253.156.177,D_private_closed_pool,Sub2API,Sub2API,False,False,,OIDC,,,0,0,,Sub2API - AI API Gateway,wechat,,,26.39
168.138.2.156,D_private_closed_pool,Sub2API,Sub2API,False,False,,OIDC,,,0,0,"8080,8090",Sub2API - AI API Gateway,wechat,,,23.5
172.93.32.25,unknown,Sub2API,,,,,,,,0,0,"80,443",Sub2API - AI API Gateway,,,,18.44
192.129.238.251,D_private_closed_pool,Sub2API,Sub2API,False,False,,OIDC,,,0,0,,Welcome to nginx!;Invalid URL;Sub2API - AI API Gateway,wechat,,,6.26
182.255.88.25,D_private_closed_pool,Sub2API,Sub2API,False,False,,OIDC,,,0,0,8080,Sub2API - AI API Gateway;H UI,,,,10.25
182.255.80.59,D_private_closed_pool,Grok2API,Sub2API,False,False,https://sub2api.applane.qzz.io,OIDC,Grok2API,2.0.4.rc0,39,0,,Sub2API - AI API Gateway,wechat,,,12.4
178.18.251.45,D_private_closed_pool,Sub2API,Sub2API,False,False,,OIDC,,,0,0,8080,Sub2API - AI API Gateway,wechat,,,13.55
192.227.206.221,D_private_closed_pool,Grok2API,,,,,,Grok2API,0.1.0,37,15,,,,,,6.31
178.26.111.193,D_private_closed_pool,Sub2API,Sub2API,False,False,,OIDC,,,0,0,8080,Sub2API - AI API Gateway,wechat,,,14.82
192.129.242.164,D_private_closed_pool,Sub2API,Sub2API,False,False,,OIDC,,,0,0,,Welcome to nginx!;Sub2API - AI API Gateway,wechat,,,10.65
185.228.138.3,D_private_closed_pool,Sub2API,Sub2API,False,False,,OIDC,,,0,0,,恭喜，站点创建成功222！;502 Bad Gateway;Sub2API - AI API Gateway,wechat,,,14.39
185.244.195.150,D_private_closed_pool,Sub2API,Sub2API,False,False,,OIDC,,,0,0,,没有找到站点;Sub2API - AI API Gateway;New API,wechat,,,13.05
192.99.70.72,unknown,unknown,,,,,,,,0,0,,"Sorry, the website has been stopped;401 Authorization Required",,,,8.47
182.255.85.3,D_private_closed_pool,unknown,ERDAOFANZI AI,False,False,,OIDC,,,0,0,"80,443",Welcome to nginx!;ERDAOFANZI AI - AI API Gateway,wechat,,,20.17
174.136.205.136,D_private_closed_pool,unknown,,,,,,Emoji Video Generator API,0.1.0,11,0,,表情包GIF生成器,wechat,,,23.76
185.239.224.109,D_private_closed_pool,Sub2API,Sub2API,False,False,,OIDC,,,0,0,,403 Forbidden;Sub2API - AI API Gateway,wechat,,,16.53
193.123.184.151,E_auth_gate_everywhere,Sub2API,,,,,,,,0,0,,301 Moved Permanently;Sub2API Recharge;Not Found,,,,10.24
193.177.221.113,D_private_closed_pool,Sub2API,Sub2API,False,,,,,,0,0,,404 Not Found;Sub2API - AI API Gateway,,,,9.44
193.123.224.215,unknown,Sub2API,,,,,,,,0,0,,Sub2API - AI API Gateway,,,,10.46
178.22.30.80,unknown,unknown,,,,,,,,0,0,"80,443",403 Forbidden;Ultra Account After-Sales,,,,23.3
192.3.24.9,unknown,unknown,,,,,,,,0,0,"80,443",404 Not Found;GDC,,,,14.43
176.122.166.86,D_private_closed_pool,Grok2API,,,,,,Grok2API,2.0.4.rc4,40,0,,301 Moved Permanently,,,,25.83
193.23.221.22,D_private_closed_pool,Sub2API,Sub2API,False,False,,OIDC,,,0,0,,Welcome to nginx!;New API;Sub2API - AI API Gateway,wechat,,,9.88
178.105.110.127,D_private_closed_pool,Sub2API,Sub2API,False,False,,OIDC,,,0,0,,301 Moved Permanently;Sub2API - AI API Gateway,wechat,,,26.42
192.236.240.211,D_private_closed_pool,Grok2API,,,,,,Grok2API,0.1.0,37,0,443,,,,,17.52
192.227.173.95,D_private_closed_pool,Sub2API,Sub2API,False,False,,OIDC,,,0,0,"80,443",301 Moved Permanently;Sub2API - AI API Gateway,wechat,,,21.03
194.169.54.113,D_private_closed_pool,Sub2API,Sub2API,False,False,,OIDC,,,0,0,,404 Not Found;Sub2API - AI API Gateway,wechat,,,13.63
198.46.177.121,E_auth_gate_everywhere,unknown,,,,,,,,0,0,,403 Forbidden,,,,8.52
203.31.199.237,D_private_closed_pool,Grok2API,,,,,,Grok2API,0.1.0,32,0,,Unauthorized,,,,3.61
194.231.149.129,D_private_closed_pool,Sub2API,Sub2API,False,False,,OIDC,,,0,0,,Sub2API - AI API Gateway,wechat,,,14.38
192.227.237.78,D_private_closed_pool,Grok2API,,,,,,Grok2API,2.0.4.rc3,39,0,,301 Moved Permanently,,,,24.38
199.47.241.65,unknown,unknown,,,,,,,,0,0,,301 Moved Permanently;V-CODE | Codex Console;Outlook 注册管理面板,,,,10.88
199.68.217.93,A_open_registration,Sub2API,Sub2API,True,True,,OIDC,,,0,0,,没有找到站点;Sub2API - AI API Gateway,wechat,,,10.69
193.122.100.16,D_private_closed_pool,Grok2API,,,,,,Grok2API,1.3.1,24,0,80,Apache2 Ubuntu Default Page: It works,,,,23.44
199.68.217.168,D_private_closed_pool,Sub2API,Sub2API,False,False,,OIDC,,,0,0,8080,Sub2API - AI API Gateway,wechat,,,12.93
203.88.123.115,D_private_closed_pool,Sub2API,Sub2API,False,False,,OIDC,,,0,0,8080,Sub2API - AI API Gateway,wechat,,,8.63
204.152.198.218,D_private_closed_pool,Sub2API,Sub2API,False,False,,OIDC,,,0,0,,404 Not Found;Sub2API - AI API Gateway,wechat,,,6.89
193.46.243.100,E_auth_gate_everywhere,unknown,,,,,,,,0,0,,,,,,23.14
206.217.141.186,A_open_registration,Sub2API,Sub2API,True,False,,OIDC,,,0,0,8080,Sub2API - AI API Gateway,wechat,,,11.21
203.31.199.217,D_private_closed_pool,Grok2API,Sub2API,False,False,,OIDC,Grok2API,2.0.4.rc4,40,0,"3000,8080",Sub2API - AI API Gateway,wechat,linuxdo_oauth_enabled,,18.52
203.88.127.23,D_private_closed_pool,unknown,,,,,,卡密系统,0.1.0,14,0,"80,443",Default Site,,,,13.92
20.196.205.3,D_private_closed_pool,Sub2API,Sub2API,False,,,,,,0,0,,Sub2API - AI API Gateway,,,,23.76
194.36.85.239,D_private_closed_pool,Sub2API,Sub2API,False,False,,OIDC,Kiro Gateway,2.4.dev.13,6,0,"80,8080",Sub2API - AI API Gateway,wechat,,,28.77
193.177.221.237,D_private_closed_pool,Sub2API,Sub2API,False,False,,OIDC,,,0,0,,"Sorry, the website has been stopped;Sub2API - AI API Gateway;Woodpecker",wechat,,,33.38
202.182.112.85,unknown,unknown,,,,,,,,0,0,80,KAPI FUND | NEO-BRUTALIST QUANT TRADING;Forbidden,,,,24.74
198.13.36.226,unknown,Sub2API,,,,,,,,0,0,,Welcome to nginx!;Sub2API - AI API Gateway,,,,28.11
202.6.204.75,D_private_closed_pool,Sub2API,Sub2API,False,False,,OIDC,,,0,0,,Sub2API - AI API Gateway,wechat,,,23.99
212.135.124.246,E_auth_gate_everywhere,unknown,,,,,,,,0,0,443,,,,,10.44
20.48.233.42,D_private_closed_pool,Sub2API,Sub2API,False,False,,OIDC,,,0,0,"80,443",Sub2API - AI API Gateway;淘淘AI小铺,wechat,,,17.42
202.182.114.8,D_private_closed_pool,Sub2API,Sub2API,False,False,,OIDC,,,0,0,,Sub2API - AI API Gateway,wechat,,,26.54
212.135.210.125,D_private_closed_pool,Grok2API,,,,,,Grok2API,2.0.4.rc4,40,0,,Not Found on Accelerator,,,,13.37
198.44.178.173,D_private_closed_pool,Sub2API,Sub2API,False,False,,OIDC,,,0,0,,Sub2API - AI API Gateway,wechat,,,32.61
216.36.88.100,A_open_registration,Sub2API,Sub2API,True,False,,OIDC,,,0,0,,Welcome to nginx!;3999666.xyz;Sub2API - AI API Gateway,wechat,,,6.04
216.167.84.169,D_private_closed_pool,Sub2API,Sub2API,False,False,,OIDC,,,0,0,,Sub2API - AI API Gateway,wechat,,,6.94
198.44.177.33,D_private_closed_pool,OpenClaw,,,,,,Kiro Gateway,2.4-dev.7,8,0,,OpenClaw 一键部署 - 30秒开始使用;内部协作管理系统;AIClient2API - 管理控制台;零壹跃迁｜抓住AI算力风口 · 做自己的中转站老板,wechat,,,34.79
216.250.254.89,D_private_closed_pool,Grok2API,,,,,,gpt2api,0.1.0,26,0,,GPT2API 控制台,,,,8.0
212.135.210.196,D_private_closed_pool,Sub2API,Sub2API,False,False,,OIDC,,,0,0,,404 Not Found;New API;Sub2API - AI API Gateway,wechat,,,12.19
206.119.168.222,unknown,unknown,,,,,,,,0,0,,301 Moved Permanently,,,,24.05
207.148.98.19,D_private_closed_pool,unknown,,,,,,,,0,6,443,,,,,22.42
212.135.210.124,unknown,Sub2API,,,,,,,,0,0,,Welcome to nginx!;Sub2API - AI API Gateway,wechat,,,20.14
23.82.96.90,A_open_registration,Sub2API,Sub2API,True,True,,OIDC,,,0,0,,Sub2API - AI API Gateway,wechat,,,4.57
217.142.246.67,D_private_closed_pool,Sub2API,Sub2API,False,False,,OIDC,,,0,0,,Sub2API - AI API Gateway,wechat,,,9.0
212.135.37.185,D_private_closed_pool,Sub2API,Sub2API,False,False,,OIDC,,,0,0,,400 Bad Request;Sub2API - AI API Gateway,wechat,,,12.87
23.94.122.149,D_private_closed_pool,Sub2API,Sub2API,False,False,,OIDC,,,0,0,,Default Site;Sub2API - AI API Gateway,wechat,,,4.63
23.81.118.64,D_private_closed_pool,Grok2API,Sub2API,False,,,,Grok2API,0.1.0,37,0,,404 Not Found;Sub2API - AI API Gateway,,,,6.21
23.94.237.184,D_private_closed_pool,Grok2API,,,,,,Grok2API,0.1.0,37,0,,404 Not Found;IKUN - AI API Gateway,wechat,,,6.58
23.95.72.50,D_private_closed_pool,Sub2API,Sub2API,False,False,,OIDC,,,0,0,,Caddy works!;Sub2API - AI API Gateway,wechat,,,5.83
34.102.86.212,D_private_closed_pool,Sub2API,Sub2API,False,,,,,,0,0,,Sub2API - AI API Gateway,,,,4.36
23.100.97.109,D_private_closed_pool,Sub2API,Sub2API,False,,,,,,0,0,,音乐解锁 - By IXarea;Sub2API - AI API Gateway,,,,11.25
212.135.211.223,D_private_closed_pool,Sub2API,Sub2API,False,False,,OIDC,,,0,0,8080,Sub2API - AI API Gateway,wechat,,,17.02
212.135.210.181,D_private_closed_pool,Grok2API,,,,,,Grok2API,2.0.4.rc4,40,0,8080,,,,,20.25
203.88.120.193,D_private_closed_pool,Sub2API,Sub2API,False,,,,,,0,0,"80,8080",首页 | ChatGpt账号专卖;Sub2API - AI API Gateway;frontend;CPA-X 管理面板 v2.1.2,,,,34.61
216.75.75.213,D_private_closed_pool,Grok2API,,,,,,Grok2API,2.0.4.rc4,40,0,80,404 Not Found,,,,16.89
34.59.37.248,D_private_closed_pool,Sub2API,Sub2API,False,False,,OIDC,,,0,0,,Welcome to nginx!;Sub2API - AI API Gateway,wechat,,,9.36
23.19.230.240,D_private_closed_pool,Sub2API,Sub2API,False,False,,OIDC,,,0,0,"80,443",Welcome to nginx!;Sub2API - AI API Gateway,wechat,,,15.92
212.135.210.98,D_private_closed_pool,Sub2API,Sub2API,False,False,,OIDC,,,0,0,,Sub2API - AI API Gateway,wechat,,,24.82
216.40.87.195,D_private_closed_pool,Sub2API,Sub2API,False,,https://sub2api.jobao.win,,,,0,0,"80,443",Welcome to nginx!;Sub2API - AI API Gateway,,,,21.86
35.187.251.197,E_auth_gate_everywhere,unknown,,,,,,,,0,0,,,,,,9.21
35.212.247.140,D_private_closed_pool,Sub2API,Sub2API,False,False,,OIDC,,,0,0,,Welcome to nginx!;Sub2API - AI API Gateway,wechat,,,7.46
34.80.212.250,D_private_closed_pool,Sub2API,Sub2API,False,False,,OIDC,,,0,0,,Sub2API - AI API Gateway,wechat,,,12.35
23.95.140.227,D_private_closed_pool,Sub2API,Sub2API,False,False,,OIDC,,,0,0,"80,8080",Welcome to nginx!;Sub2API - AI API Gateway,wechat,,,15.81
207.211.155.22,unknown,unknown,,,,,,,,0,0,,301 Moved Permanently;CactusAPI - AI API Gateway,,,,38.14
38.28.224.26,D_private_closed_pool,Sub2API,Sub2API,False,,https://api.htops.top,,,,0,0,,Sub2API - AI API Gateway,,,,5.09
3.107.86.84,E_auth_gate_everywhere,unknown,,,,,,,,0,0,,,,,,21.0
212.50.235.142,D_private_closed_pool,Sub2API,Sub2API,False,False,,OIDC,,,0,0,,301 Moved Permanently;Sub2API - AI API Gateway;Error response,wechat,,,31.48
38.145.220.20,unknown,unknown,,,,,,,,0,0,,掌恒云 - AI API Gateway,,,,10.39
38.143.180.206,D_private_closed_pool,Sub2API,Sub2API,False,False,,OIDC,,,0,0,,没有找到站点;Sub2API - AI API Gateway,wechat,,,11.47
34.143.132.97,E_auth_gate_everywhere,unknown,,,,,,,,0,0,,,,,,24.19
38.49.212.156,unknown,unknown,,,,,,,,0,0,,Default Site;Vaultwarden Web,,,,4.93
35.201.189.75,D_private_closed_pool,Sub2API,Sub2API,False,False,,OIDC,,,0,0,8080,Sub2API - AI API Gateway,wechat,,,20.5
34.81.112.245,D_private_closed_pool,Sub2API,Sub2API,False,False,,OIDC,,,0,0,,Sub2API - AI API Gateway,wechat,,,25.01
35.194.171.129,A_open_registration,Sub2API,Sub2API,True,True,,OIDC,,,0,0,,404 Not Found;ChatGPT Team 邀请;Sub2API - AI API Gateway,wechat,,,21.62
38.244.44.60,D_private_closed_pool,Sub2API,Sub2API,False,False,,OIDC,,,0,0,8080,Sub2API - AI API Gateway,wechat,,,13.17
35.212.214.123,D_private_closed_pool,Sub2API,Sub2API,False,,,,,,0,0,"443,8080",Sub2API - AI API Gateway;Invalid URL,,,,23.12
38.46.221.193,unknown,unknown,,,,,,,,0,0,,301 Moved Permanently;团长资源 - 影视聚集地,,,,14.93
35.229.136.153,D_private_closed_pool,Sub2API,Sub2API,False,False,,OIDC,,,0,0,,Sub2API - AI API Gateway,wechat,,,23.66
35.229.216.114,D_private_closed_pool,Sub2API,Sub2API,False,False,,OIDC,,,0,0,80,Sub2API - AI API Gateway,wechat,,,22.95
38.246.250.183,D_private_closed_pool,Sub2API,Sub2API,False,False,,OIDC,,,0,0,,400 Bad Request;Sub2API - AI API Gateway,wechat,,,19.16
43.131.48.124,E_auth_gate_everywhere,unknown,,,,,,,,0,0,,,,,,5.03
40.233.122.108,unknown,unknown,,,,,,,,0,0,,,,,,0
38.12.32.248,A_open_registration,Sub2API,Sub2API,True,True,,OIDC,,,0,0,,404 Not Found;Sub2API - AI API Gateway,wechat,,,25.8
35.187.148.247,unknown,unknown,,,,,,,,0,0,,502 Bad Gateway;Invalid URL,,,,32.99
43.130.56.186,D_private_closed_pool,Sub2API,Sub2API,False,False,,OIDC,,,0,0,,Sub2API - AI API Gateway,wechat,,,9.97
38.59.228.191,unknown,unknown,,,,,,,,0,0,,301 Moved Permanently;401 Authorization Required,,,,15.62
38.12.21.31,D_private_closed_pool,Grok2API,,,,,,Grok2API,2.0.4.rc4,40,3,"80,443",403 Forbidden,,,,29.73
38.47.99.107,D_private_closed_pool,Sub2API,Sub2API,False,False,,OIDC,,,0,0,8080,Sub2API - AI API Gateway,wechat,,,20.79
43.110.41.162,D_private_closed_pool,Sub2API,Sub2API,False,False,,OIDC,Tempmail Server API,1.0.0,7,0,,Welcome to nginx!;Sub2API - AI API Gateway;Cloudreve,wechat,,,14.24
37.114.52.139,D_private_closed_pool,unknown,,,,,,Outlook邮件API服务,1.0.0,9,0,,301 Moved Permanently;Site is created successfully!;Outlook邮件客户端,,,,32.04
40.233.94.74,unknown,unknown,,,,,,,,0,0,"443,8443",Invalid URL;Access Temporarily Unavailable,,,,17.36
43.129.174.14,D_private_closed_pool,Sub2API,Sub2API,False,False,,OIDC,,,0,0,,301 Moved Permanently;New API;Sub2API - AI API Gateway,wechat,,,16.33
38.47.113.183,D_private_closed_pool,Sub2API,Sub2API,False,,,,,,0,0,,Sub2API - AI API Gateway;ERROR: The request could not be satisfied,,,,24.42
43.133.229.164,D_private_closed_pool,Grok2API,,,,,,Grok2API,2.0.4.rc4,40,0,,404 Not Found,,,,11.27
43.110.40.56,D_private_closed_pool,Sub2API,Sub2API,False,False,,OIDC,,,0,0,"80,8080",Sub2API - AI API Gateway,wechat,,,20.29
34.81.96.101,unknown,Sub2API,,,,,,,,0,0,,Sub2API - AI API Gateway,,,,45.48
4.194.20.107,D_private_closed_pool,Sub2API,Sub2API,False,,,,,,0,0,,Sub2API - AI API Gateway,,,,24.28
43.128.144.86,D_private_closed_pool,Sub2API,Sub2API,False,False,,OIDC,,,0,0,,Sub2API - AI API Gateway,wechat,,,23.94
43.131.233.128,D_private_closed_pool,Sub2API,Sub2API,False,False,,OIDC,,,0,0,,Sub2API - AI API Gateway,wechat,,,24.06
43.133.225.54,A_open_registration,Sub2API,Sub2API,True,False,,OIDC,,,0,0,,Sub2API - AI API Gateway,wechat,,,24.07
43.133.231.147,D_private_closed_pool,Sub2API,Sub2API,False,False,,OIDC,,,0,0,8080,Sub2API - AI API Gateway,wechat,,,21.35
43.153.121.180,D_private_closed_pool,Sub2API,sub2api,False,,,,,,0,0,8080,Sub2API - AI API Gateway,,,,13.92
43.135.175.71,D_private_closed_pool,Sub2API,Sub2API,False,False,,OIDC,,,0,0,,404 Not Found;Sub2API - AI API Gateway;商户中心,wechat,,,17.4
43.133.240.161,D_private_closed_pool,Sub2API,Sub2API,False,False,,OIDC,,,0,0,,Sub2API - AI API Gateway,wechat,,,23.98
43.133.255.211,D_private_closed_pool,Sub2API,Sub2API,False,False,,OIDC,,,0,0,8080,Sub2API - AI API Gateway,wechat,,,21.23
43.133.247.34,D_private_closed_pool,Sub2API,Sub2API,False,False,,OIDC,,,0,0,,Sub2API - AI API Gateway,wechat,,,23.97
43.133.251.157,D_private_closed_pool,Sub2API,Sub2API,False,False,,OIDC,,,0,0,,Sub2API - AI API Gateway,wechat,,,24.0
43.133.255.185,D_private_closed_pool,Sub2API,Sub2API,False,,,,,,0,0,,Sub2API - AI API Gateway,,,,23.95
43.133.72.249,D_private_closed_pool,Sub2API,Sub2API,False,False,,OIDC,Account Manager,1.0.0,59,0,,frontend;404 Not Found;Sub2API - AI API Gateway,wechat,,,23.64
43.133.70.228,D_private_closed_pool,Sub2API,Sub2API,False,False,,OIDC,,,0,0,,Sub2API - AI API Gateway,wechat,,,24.01
43.133.86.152,D_private_closed_pool,Sub2API,Sub2API,False,False,,OIDC,,,0,0,,Sub2API - AI API Gateway,wechat,,,23.99
43.153.183.55,D_private_closed_pool,Sub2API,Sub2API,False,,,,,,0,0,8080,Sub2API - AI API Gateway,,,,21.54
43.154.84.61,D_private_closed_pool,Sub2API,Sub2API,False,,,,,,0,0,,302 Found;抱歉，站点已暂停;Sub2API - AI API Gateway,,,,19.19
43.153.188.92,D_private_closed_pool,Sub2API,Sub2API,False,,,,,,0,0,8080,Sub2API - AI API Gateway,,,,21.51
43.135.149.34,E_auth_gate_everywhere,unknown,,,,,,,,0,0,,301 Moved Permanently,,,,24.45
43.155.220.105,D_private_closed_pool,Sub2API,Sub2API,False,False,,OIDC,,,0,0,,Welcome to nginx!;Sub2API - AI API Gateway,wechat,,,13.01
43.155.130.120,D_private_closed_pool,Sub2API,Sub2API,False,False,,OIDC,,,0,0,,Sub2API - AI API Gateway,wechat,,,24.01
43.162.83.161,D_private_closed_pool,Sub2API,Sub2API,False,False,,OIDC,,,0,0,,Sub2API - AI API Gateway,wechat,,,7.27
43.162.105.137,D_private_closed_pool,Sub2API,Sub2API,False,False,,OIDC,,,0,0,8080,Sub2API - AI API Gateway,,,,9.45
43.159.138.254,B_commercial_paid,Sub2API,Sub2API,False,True,,OIDC,,,0,0,8080,Sub2API - AI API Gateway,wechat,,,13.93
43.155.161.229,D_private_closed_pool,Sub2API,Sub2API,False,False,,OIDC,,,0,0,,Sub2API - AI API Gateway,wechat,,,24.02
43.155.146.247,D_private_closed_pool,Sub2API,Sub2API,False,False,,OIDC,,,0,0,,Sub2API - AI API Gateway,,,,25.52
43.155.208.174,D_private_closed_pool,Sub2API,Sub2API,False,False,,OIDC,,,0,0,8080,Sub2API - AI API Gateway,wechat,,,22.59
43.162.85.29,D_private_closed_pool,Sub2API,Sub2API,False,False,,OIDC,,,0,0,80,Sub2API - AI API Gateway,wechat,,,13.77
43.166.252.30,unknown,unknown,,,,,,,,0,0,80,,,,,10.51
43.155.214.124,D_private_closed_pool,Sub2API,Sub2API,False,False,,OIDC,,,0,0,,Sub2API - AI API Gateway;Redirecting...,wechat,,,27.94
43.155.248.117,D_private_closed_pool,Sub2API,Sub2API,False,False,,OIDC,,,0,0,,Sub2API - AI API Gateway,wechat,,,24.22
43.165.167.176,D_private_closed_pool,Sub2API,Sub2API,False,False,,OIDC,,,0,0,,301 Moved Permanently;AI;Sub2API - AI API Gateway,wechat,,,19.63
43.155.237.8,D_private_closed_pool,Sub2API,Sub2API,False,False,https://api.lingzhiai.cloud/v1,OIDC,,,0,0,,404 Not Found;Sub2API - AI API Gateway,wechat,,,29.95
43.159.54.47,D_private_closed_pool,Sub2API,Sub2API,False,False,,OIDC,,,0,0,,Sub2API - AI API Gateway,wechat,,,26.58
43.159.59.195,D_private_closed_pool,Sub2API,Sub2API,False,False,,OIDC,,,0,0,,Sub2API - AI API Gateway,wechat,,,26.59
43.167.171.22,A_open_registration,Sub2API,Sub2API,True,False,,OIDC,,,0,0,,502 Bad Gateway;Sub2API - AI API Gateway,wechat,,,16.61
43.167.176.238,D_private_closed_pool,Sub2API,Sub2API,False,False,,OIDC,,,0,0,,Sub2API - AI API Gateway,wechat,,,16.6
43.160.238.237,D_private_closed_pool,Sub2API,Sub2API,False,False,,OIDC,,,0,0,,Sub2API - AI API Gateway,wechat,,,27.8
43.167.18.205,D_private_closed_pool,Sub2API,Sub2API,False,False,,OIDC,,,0,0,"8080,8090",Sub2API - AI API Gateway,wechat,,,17.43
43.163.7.45,D_private_closed_pool,Sub2API,Sub2API,False,False,http://43.163.7.45:8080,OIDC,,,0,0,,Sub2API - AI API Gateway,wechat,,,27.55
43.165.178.12,D_private_closed_pool,Sub2API,Sub2API,False,False,,OIDC,,,0,0,,Sub2API - AI API Gateway,wechat,,,24.9
43.164.128.117,D_private_closed_pool,Sub2API,Sub2API,False,False,,OIDC,,,0,0,,404 Not Found;Sub2API - AI API Gateway,,,,30.05
43.156.73.234,D_private_closed_pool,Sub2API,Sub2API,False,False,,OIDC,,,0,0,,Welcome to nginx!;Sub2API - AI API Gateway,wechat,,,35.66
43.166.1.58,D_private_closed_pool,Sub2API,Sub2API,False,False,,OIDC,,,0,0,,Sub2API - AI API Gateway,wechat,,,23.96
43.167.179.176,D_private_closed_pool,Sub2API,Sub2API,False,False,,OIDC,,,0,0,8080,Sub2API - AI API Gateway,wechat,,,21.54
43.167.199.42,D_private_closed_pool,Sub2API,Sub2API,False,False,,OIDC,,,0,0,8080,Sub2API - AI API Gateway,wechat,,,21.56
43.173.101.51,D_private_closed_pool,Sub2API,Sub2API,False,False,,OIDC,,,0,0,8080,Sub2API - AI API Gateway,wechat,,,13.93
43.173.83.194,D_private_closed_pool,Sub2API,Sub2API,False,False,,OIDC,,,0,0,,955657;Sub2API - AI API Gateway,wechat,,,11.46
45.32.60.68,D_private_closed_pool,Grok2API,,,,,,Grok2API,2.0.4.rc4,40,0,,,,,,3.91
43.167.202.97,D_private_closed_pool,Sub2API,Sub2API,False,False,,OIDC,,,0,0,8080,Sub2API - AI API Gateway,wechat,,,21.53
43.167.246.110,D_private_closed_pool,Sub2API,Sub2API,False,False,,OIDC,,,0,0,,Sub2API - AI API Gateway,wechat,,,17.61
45.207.207.34,unknown,unknown,,,,,,,,0,0,,Default Site;CC Switch 使用教程,,,,8.79
43.167.212.54,D_private_closed_pool,Grok2API,,,,,,Grok2API,2.0.4.rc4,40,0,,404 Not Found,,,,20.84
43.159.59.179,D_private_closed_pool,Sub2API,Sub2API,False,,,,,,0,0,,姚志恒 &#8211; 相信概率;Sub2API - AI API Gateway,,,,42.85
45.38.19.83,D_private_closed_pool,Sub2API,Sub2API,False,False,,OIDC,,,0,0,,Sub2API - AI API Gateway;Forbidden,wechat,,,7.97
43.173.104.143,D_private_closed_pool,Sub2API,Sub2API,False,False,,OIDC,,,0,0,"3000,8080",水墨图片生成器;Sub2API - AI API Gateway,wechat,,,17.57
45.76.16.148,D_private_closed_pool,Sub2API,Sub2API,False,False,,OIDC,,,0,0,,301 Moved Permanently;Sub2API - AI API Gateway,wechat,,,7.97
45.153.245.135,D_private_closed_pool,Grok2API,,,,,,Grok2API,0.1.0,35,0,,301 Moved Permanently,,,,16.95
45.43.59.25,D_private_closed_pool,Sub2API,Sub2API,False,False,https://key.benniao.run,OIDC,,,0,0,,404 Not Found;Sub2API - AI API Gateway,wechat,,,16.16
43.246.218.125,D_private_closed_pool,Sub2API,Sub2API,False,False,,OIDC,,,0,0,,Sub2API - AI API Gateway,wechat,,,24.0
45.76.79.114,D_private_closed_pool,Sub2API,Sub2API,False,False,,OIDC,,,0,0,8080,Sub2API - AI API Gateway,wechat,,,13.03
43.224.183.93,D_private_closed_pool,Sub2API,Sub2API,False,False,,OIDC,,,0,0,,404 Not Found;Sub2API - AI API Gateway,wechat,,,27.27
45.82.121.252,D_private_closed_pool,Sub2API,Sub2API,False,False,,OIDC,,,0,0,,404 Not Found;Sub2API - AI API Gateway,wechat,,,13.74
45.76.204.38,D_private_closed_pool,Sub2API,Sub2API,False,False,,OIDC,,,0,0,,Welcome to nginx!;Sub2API - AI API Gateway,wechat,,,16.51
45.76.182.196,D_private_closed_pool,Sub2API,Sub2API,False,False,,OIDC,,,0,0,,301 Moved Permanently;Sub2API - AI API Gateway,wechat,,,18.33
45.129.9.114,E_auth_gate_everywhere,unknown,,,,,,,,0,0,"80,8080",,,,,26.2
45.32.61.251,D_private_closed_pool,Sub2API,Sub2API,False,False,,OIDC,,,0,0,80,Sub2API - AI API Gateway,wechat,,,21.0
45.92.217.229,A_open_registration,Sub2API,Sub2API,True,False,,OIDC,,,0,0,,Welcome to nginx!;Sub2API - AI API Gateway,wechat,,,13.77
47.243.233.185,D_private_closed_pool,Sub2API,Sub2API,False,False,,OIDC,,,0,0,,Sub2API - AI API Gateway,wechat,,,7.8
45.32.10.248,D_private_closed_pool,Sub2API,Sub2API,False,False,,OIDC,,,0,0,,Sub2API - AI API Gateway,wechat,,,26.51
45.146.242.119,D_private_closed_pool,Sub2API,Sub2API,False,False,,OIDC,,,0,0,,301 Moved Permanently;Sub2API - AI API Gateway,wechat,,,29.98
47.253.151.35,D_private_closed_pool,Sub2API,Sub2API,False,False,,OIDC,,,0,0,,404 Not Found;AI 情报简报 — 每日情报;Sub2API - AI API Gateway,,,,4.74
45.77.20.106,D_private_closed_pool,Sub2API,Sub2API,False,False,,OIDC,,,0,0,8080,Sub2API - AI API Gateway,wechat,,,21.49
45.76.102.229,D_private_closed_pool,Grok2API,,,,,,Grok2API,2.0.4.rc4,40,0,80,404 Not Found,,,,24.62
45.194.18.144,D_private_closed_pool,Sub2API,Sub2API,False,False,,OIDC,,,0,0,,301 Moved Permanently;Sub2API - AI API Gateway,wechat,,,31.9
46.250.233.53,D_private_closed_pool,Sub2API,Sub2API,False,False,,OIDC,,,0,0,,301 Moved Permanently;Sub2API - AI API Gateway,wechat,,,20.9
46.250.251.251,A_open_registration,Sub2API,Sub2API,True,True,,OIDC,,,0,0,,Sub2API - AI API Gateway;China Travel Hints - Your Ultimate Guide to Traveling in China,wechat,,,22.02
47.253.80.150,E_auth_gate_everywhere,unknown,,,,,,,,0,0,80,502 Bad Gateway,,,,10.47
47.236.51.253,D_private_closed_pool,unknown,,,,,,Kinson AI Salesperson v3.0,0.1.0,42,0,,,,,,21.52
47.90.255.159,E_auth_gate_everywhere,unknown,,,,,,,,0,0,,,,,,0.1
47.251.120.207,D_private_closed_pool,Sub2API,Sub2API,False,False,,OIDC,,,0,0,80,Sub2API - AI API Gateway,wechat,,,14.1
47.251.25.254,D_private_closed_pool,Sub2API,Sub2API,False,False,,OIDC,,,0,0,8080,Sub2API - AI API Gateway,wechat,,,14.35
47.245.164.81,D_private_closed_pool,Sub2API,Sub2API,False,False,,OIDC,,,0,0,8080,Sub2API - AI API Gateway,wechat,,,17.71
46.38.245.45,D_private_closed_pool,Sub2API,Sub2API,False,False,https://subss.miaolme.com,OIDC,,,0,0,,没有找到站点;Sub2API - AI API Gateway,,,,26.76
47.251.92.113,D_private_closed_pool,Sub2API,Sub2API,False,False,,OIDC,,,0,0,8080,Sub2API - AI API Gateway,wechat,,,14.25
47.251.101.55,D_private_closed_pool,Sub2API,Sub2API,False,False,,OIDC,,,0,0,"80,443",Sub2API - AI API Gateway,wechat,,,18.18
47.251.3.182,D_private_closed_pool,Sub2API,Sub2API,False,False,,OIDC,,,0,0,8080,Sub2API - AI API Gateway;GPT2API 控制台,wechat,,,16.23
47.77.220.85,D_private_closed_pool,Sub2API,Sub2API,False,False,,OIDC,,,0,0,,New API;Sub2API - AI API Gateway,wechat,,,11.61
47.237.209.114,D_private_closed_pool,Sub2API,Sub2API,False,False,,OIDC,,,0,0,,Sub2API - AI API Gateway,wechat,,,24.44
51.132.168.157,D_private_closed_pool,Sub2API,Sub2API,False,,,,,,0,0,,Sub2API - AI API Gateway,,,,6.5
47.254.245.29,D_private_closed_pool,Sub2API,Sub2API,False,False,,OIDC,,,0,0,,404 Not Found;New API;Sub2API - AI API Gateway,wechat,,,21.33
47.82.213.185,D_private_closed_pool,Sub2API,Sub2API,False,False,,OIDC,,,0,0,,Sub2API - AI API Gateway,wechat,,,16.34
47.89.248.24,D_private_closed_pool,Sub2API,Sub2API,False,False,,OIDC,,,0,0,,Sub2API - AI API Gateway;抽个英语后台,wechat,,,11.58
47.77.204.90,D_private_closed_pool,Sub2API,Sub2API,False,False,,OIDC,,,0,0,"3000,8080",Sub2API - AI API Gateway,wechat,,,18.67
47.85.53.18,D_private_closed_pool,Sub2API,Sub2API,False,False,,OIDC,,,0,0,"80,8080",没有找到站点;Sub2API - AI API Gateway,wechat,,,13.67
51.79.49.219,D_private_closed_pool,Sub2API,Sub2API,False,False,,OIDC,,,0,0,,404 Not Found;GachaFi;Sub2API - AI API Gateway,wechat,,,9.81
51.210.216.192,D_private_closed_pool,Sub2API,hxd_Sub2API,False,False,,OIDC,,,0,0,,404 Not Found;CloudDrive;hxd_Sub2API - AI API Gateway,wechat,,,10.03
47.82.246.179,E_auth_gate_everywhere,unknown,,,,,,,,0,0,,,,,,20.02
49.51.242.98,D_private_closed_pool,Sub2API,Sub2API,False,False,,OIDC,,,0,0,8080,Sub2API - AI API Gateway,wechat,,,13.92
64.186.247.60,D_private_closed_pool,Sub2API,Sub2API,False,False,,OIDC,,,0,0,,Sub2API - AI API Gateway,wechat,,,2.4
62.132.18.125,E_auth_gate_everywhere,unknown,,,,,,,,0,0,,301 Moved Permanently;Invalid URL,,,,4.94
47.76.27.24,D_private_closed_pool,Sub2API,Sub2API,False,False,,OIDC,,,0,0,,Sub2API - AI API Gateway,wechat,,,24.02
65.49.234.141,E_auth_gate_everywhere,unknown,,,,,,,,0,0,,,,,,0.13
49.51.138.34,D_private_closed_pool,Sub2API,Sub2API,False,False,,OIDC,,,0,0,8080,Sub2API - AI API Gateway,wechat,,,17.4
5.181.51.184,D_private_closed_pool,Grok2API,,,,,,Grok2API,0.1.0,37,0,,OpenList;401 Authorization Required,,,,14.5
47.82.212.108,D_private_closed_pool,Sub2API,Sub2API,False,False,,OIDC,,,0,0,,Sub2API - AI API Gateway,wechat,,,24.41
5.83.150.20,D_private_closed_pool,Sub2API,Sub2API,False,False,,OIDC,,,0,0,,404 Not Found;Sub2API - AI API Gateway,wechat,,,12.69
65.49.232.240,D_private_closed_pool,Sub2API,Sub2API,False,,,,,,0,0,,Sub2API - AI API Gateway,,,,4.81
66.212.18.143,D_private_closed_pool,Grok2API,,,,,,Grok2API,2.0.4.rc4,40,0,,,,,,1.96
66.70.178.141,E_auth_gate_everywhere,unknown,,,,,,,,0,0,,,,,,0.42
47.84.103.217,D_private_closed_pool,Sub2API,Sub2API,False,False,,OIDC,,,0,0,,Sub2API - AI API Gateway,wechat,,,24.39
47.84.57.96,D_private_closed_pool,Sub2API,Sub2API,False,False,,OIDC,,,0,0,,Sub2API - AI API Gateway,wechat,,,24.42
64.186.251.131,D_private_closed_pool,Sub2API,Sub2API,False,False,,OIDC,FastAPI,0.1.0,5,0,,301 Moved Permanently;Sub2API - AI API Gateway;SubConv;Invalid URL,wechat,,,8.56
64.188.24.237,A_open_registration,Sub2API,Sub2API,True,True,,ai-cognit,,,0,0,,Sub2API - AI API Gateway,wechat,oidc_oauth_enabled,,7.13
66.154.119.191,D_private_closed_pool,Sub2API,Sub2API,False,,,,,,0,0,,404 Not Found;Sub2API - AI API Gateway,,,,3.89
65.49.232.54,D_private_closed_pool,Sub2API,Sub2API,False,False,,OIDC,,,0,0,,Sub2API - AI API Gateway,wechat,,,6.87
54.79.128.31,A_open_registration,Sub2API,Sub2API,True,False,,OIDC,,,0,0,,Welcome to nginx!;Sub2API - AI API Gateway,wechat,,,18.68
62.132.18.207,A_open_registration,Sub2API,Sub2API,True,False,,OIDC,,,0,0,"80,8080",Sub2API - AI API Gateway,wechat,,,12.74
64.181.252.60,D_private_closed_pool,Sub2API,Sub2API,False,False,,OIDC,,,0,0,8080,Sub2API - AI API Gateway,wechat,,,13.56
69.63.203.100,D_private_closed_pool,Sub2API,Sub2API,False,False,,OIDC,,,0,0,,301 Moved Permanently;New API;Sub2API - AI API Gateway,wechat,,,6.13
66.154.115.82,D_private_closed_pool,Sub2API,Sub2API,False,False,,OIDC,MarzbanAPI,0.8.4,38,0,,301 Moved Permanently;302 Found;Sub2API - AI API Gateway,wechat,,,10.67
70.39.107.75,A_open_registration,Sub2API,Sub2API,True,False,,OIDC,,,0,0,,301 Moved Permanently;Sub2API - AI API Gateway,wechat,,,6.48
62.84.172.130,D_private_closed_pool,Sub2API,Sub2API,False,False,,OIDC,,,0,0,8080,Sub2API - AI API Gateway,wechat,,,17.48
72.249.207.93,unknown,unknown,,,,,,,,0,0,,ccAiHub - AI API Gateway,,,,6.06
54.66.108.121,E_auth_gate_everywhere,unknown,,,,,,,,0,0,,,,,,25.9
72.11.144.23,A_open_registration,Sub2API,Sub2API,True,False,,OIDC,,,0,4,,File Manager;Welcome to nginx!;Sub2API - AI API Gateway,wechat,,,6.98
66.154.117.208,D_private_closed_pool,Sub2API,Sub2API,False,False,,OIDC,,,0,0,8080,Sub2API - AI API Gateway,wechat,,,13.33
61.221.79.1,D_private_closed_pool,Sub2API,Sub2API,False,,,,,,0,0,,Sub2API - AI API Gateway,,,,23.92
52.198.217.148,D_private_closed_pool,Sub2API,Sub2API,False,False,,OIDC,,,0,0,,Sub2API - AI API Gateway;Invalid URL,wechat,,,28.6
64.83.15.60,D_private_closed_pool,Grok2API,,,,,,Grok2API,2.0.4.rc4,45,0,80,,,,,17.33
67.216.203.248,D_private_closed_pool,Sub2API,Sub2API,False,False,,OIDC,,,0,0,"80,8080",Sub2API - AI API Gateway,wechat,,,12.25
65.49.235.216,B_commercial_paid,Sub2API,Sub2API,False,True,,OIDC,币安订单操作Webhook服务,2.0.0,2,0,"80,8080",Sub2API - AI API Gateway,wechat,,,19.24
67.230.176.252,unknown,unknown,,,,,,,,0,0,"80,443",Welcome to nginx!;MCPHub Dashboard,,,,15.33
80.251.208.140,D_private_closed_pool,Sub2API,Sub2API,False,False,,OIDC,,,0,0,,Amazon Product Images;Sub2API - AI API Gateway,wechat,,,6.01
68.64.179.166,D_private_closed_pool,Sub2API,Sub2API,False,False,https://abfoods.cc/,OIDC,,,0,0,,301 Moved Permanently;Sub2API - AI API Gateway,wechat,,,16.04
74.48.151.91,D_private_closed_pool,Sub2API,Sub2API,False,False,,OIDC,,,0,0,,404 Not Found;Sub2API - AI API Gateway,wechat,,,10.73
66.42.58.167,D_private_closed_pool,Sub2API,Sub2API,False,False,https://66.42.58.167:8443/,OIDC,,,0,0,,301 Moved Permanently;Invalid URL;Sub2API - AI API Gateway,wechat,,,19.6
70.39.204.84,D_private_closed_pool,Grok2API,,,,,,Grok2API,2.0.4.rc4,40,0,,Welcome to nginx!,,,,17.55
74.48.89.63,D_private_closed_pool,cousin,,,,,,Vertex AI Gemini 渠道管理面板,1.0.0,13,0,,Directory listing for /;没有找到站点,,,,11.48
77.73.14.197,D_private_closed_pool,Sub2API,Sub2API,False,False,,OIDC,,,0,0,"80,8080",Sub2API - AI API Gateway,wechat,,,13.1
82.27.183.133,D_private_closed_pool,Sub2API,Sub2API,False,False,,OIDC,,,0,0,,Welcome to nginx!;Sub2API - AI API Gateway,wechat,,,6.07
8.208.88.199,D_private_closed_pool,Sub2API,Sub2API,False,False,,OIDC,,,0,0,,404 Not Found;Sub2API - AI API Gateway,wechat,,,13.14
69.63.218.222,D_private_closed_pool,Sub2API,Sub2API,False,,,,,,0,0,"80,443",301 Moved Permanently;Sub2API - AI API Gateway,,,,22.54
82.40.35.134,D_private_closed_pool,Sub2API,Sub2API,False,False,,OIDC,,,0,0,,Sub2API - AI API Gateway,wechat,,,5.98
85.237.206.44,E_auth_gate_everywhere,unknown,,,,,,,,0,0,,,,,,5.03
74.211.105.213,D_private_closed_pool,Sub2API,Sub2API,False,,,,,,0,0,,Sub2API - AI API Gateway,,,,21.59
62.172.174.61,E_auth_gate_everywhere,unknown,,,,,,,,0,0,,502 Bad Gateway,,,,39.01
8.211.40.200,A_open_registration,Sub2API,Sub2API,True,False,,OIDC,,,0,0,8080,Sub2API - AI API Gateway,,,,17.78
82.40.42.147,D_private_closed_pool,Sub2API,Sub2API,False,False,,OIDC,,,0,0,,Sub2API - AI API Gateway;301 Moved Permanently,wechat,,,8.2
86.53.106.120,D_private_closed_pool,Sub2API,Sub2API,False,False,,OIDC,,,0,0,,Sub2API - AI API Gateway,wechat,,,6.65
75.36.83.186,D_private_closed_pool,Sub2API,Sub2API,False,False,,OIDC,,,0,0,,301 Moved Permanently;Sub2API - AI API Gateway,wechat,,,22.83
82.40.34.240,D_private_closed_pool,Sub2API,Sub2API,False,False,,OIDC,,,0,0,,301 Moved Permanently;502 Bad Gateway;Sub2API - AI API Gateway,wechat,,,12.82
8.211.128.216,unknown,unknown,,,,,,,,0,0,80,Welcome!,,,,21.1
72.253.143.247,D_private_closed_pool,Grok2API,,,,,,Grok2API,2.0.4.rc4,40,0,,404 Not Found,,,,28.74
96.44.165.61,D_private_closed_pool,Sub2API,Sub2API,False,False,,OIDC,,,0,0,,Sub2API - AI API Gateway,wechat,,,4.37
8.215.87.155,D_private_closed_pool,Sub2API,Sub2API,False,False,,OIDC,,,0,0,,大鸟哥详情页 | 99元一套含5张主图+20屏详情页;不掉粉 - Twitter/X 互关KOL回关率真实数据;Sub2API - AI API Gateway,wechat,,,22.41
82.40.33.154,D_private_closed_pool,Sub2API,Sub2API,False,False,,OIDC,,,0,0,,404 Not Found;Sub2API - AI API Gateway,wechat,,,16.38
82.158.91.77,D_private_closed_pool,Sub2API,Sub2API,False,False,,OIDC,,,0,0,,SillyTavern - 欢迎;403 Forbidden;Sub2API - AI API Gateway;ChatGPT,wechat,,,23.06
8.219.175.55,D_private_closed_pool,Sub2API,Sub2API,False,False,,OIDC,,,0,0,,301 Moved Permanently;Sub2API - AI API Gateway,wechat,,,20.41
85.209.49.75,unknown,unknown,,,,,,,,0,0,,"Sorry, the website has been stopped;flux-panel",,,,14.77
86.53.161.33,D_private_closed_pool,Sub2API,Sub2API,False,False,,OIDC,,,0,0,,Welcome to nginx!;语Ta;Sub2API - AI API Gateway,wechat,,,12.93
8.217.228.218,D_private_closed_pool,Sub2API,Sub2API,False,False,,OIDC,,,0,0,,Sub2API - AI API Gateway,wechat,,,24.01
8.220.199.92,D_private_closed_pool,Sub2API,Sub2API,False,,,,,,0,0,,Sub2API - AI API Gateway,,,,23.87
95.216.180.100,D_private_closed_pool,Sub2API,Sub2API,False,False,,OIDC,,,0,0,,Sub2API - AI API Gateway,wechat,,,11.28
87.232.98.98,D_private_closed_pool,Grok2API,Sub2API,False,,https://sub2api.mel0dy.cc,,Grok2API,2.0.4.rc3,39,0,,404 Not Found;Sub2API - AI API Gateway,,,,14.57
82.40.34.214,unknown,unknown,,,,,,,,0,0,,Caddy works!,,,,24.22
98.159.110.235,D_private_closed_pool,Grok2API,,,,,,Grok2API,2.0.4.rc0,42,0,80,404 Not Found,,,,14.5
89.106.78.112,unknown,Sub2API,,,,,,,,0,0,"8080,8090",Sub2API - AI API Gateway,,,,17.86
8.211.1.172,unknown,unknown,,,,,,,,0,0,,404 Not Found;恭喜，站点创建成功！,,,,44.48
